Rank,teamId,teamName,team,teamFullName,location,teamAbbrevName,teamLevel,synergyTeamId,newestTeamId,newestTeamLevel,newestTeamName,newestTeamAbbrevName,newestTeamLocation,G,ROE,NonForceOut,StretchOut,1stTo3rdOpp,1stTo3rdAtt,1stTo3rd,1stTo3rdOut,1stTo3rdAtt%,1stTo3rdSafe%,1stToHomeOpp,1stToHomeAtt,1stToHome,1stToHomeOut,1stToHomeAtt%,1stToHomeSafe%,2ndToHomeOpp,2ndToHomeAtt,2ndToHome,2ndToHomeOut,2ndToHomeAtt%,2ndToHomeSafe%
1,730292224,Quakers,Pennsylvania,University of Pennsylvania,Pennsylvania,PENN,BBC,,730292224,BBC,Quakers,PENN,Pennsylvania,41,29,0,0,64,17,17,0,26.6%,100.0%,37,12,12,0,32.4%,100.0%,64,32,32,0,50.0%,100.0%
1,730375936,Wildcats,Abilene Christian,Abilene Christian University,Abilene Christian,AC,BBC,,730375936,BBC,Wildcats,AC,Abilene Christian,57,38,0,0,96,36,36,0,37.5%,100.0%,40,18,18,0,45.0%,100.0%,105,70,70,0,66.7%,100.0%
1,5324,Mavericks,UT Arlington,University of Texas-Arlington,UT Arlington,UTA,BBC,,5324,BBC,Mavericks,UTA,UT Arlington,54,25,0,0,122,35,35,0,28.7%,100.0%,35,15,15,0,42.9%,100.0%,93,56,56,0,60.2%,100.0%
1,730263552,Wolverines,Utah Valley,Utah Valley University,Utah Valley,UVU,BBC,,730263552,BBC,Wolverines,UVU,Utah Valley,62,43,0,0,144,37,37,0,25.7%,100.0%,47,13,13,0,27.7%,100.0%,128,73,73,0,57.0%,100.0%
1,730153984,Aggies,UC Davis,UC Davis,UC Davis,UCD,BBC,,730153984,BBC,Aggies,UCD,UC Davis,55,30,0,0,113,21,21,0,18.6%,100.0%,27,9,9,0,33.3%,100.0%,85,51,51,0,60.0%,100.0%
1,5091,Lancers,California Baptist,California Baptist University,California Baptist,CBU,BBC,,5091,BBC,Lancers,CBU,California Baptist,57,37,0,0,110,31,31,0,28.2%,100.0%,51,27,27,0,52.9%,100.0%,88,48,48,0,54.5%,100.0%
1,730192128,Vaqueros,UT Rio Grande Valley,University of Texas Rio Grande Valley,UT Rio Grande Valley,UTRGV,BBC,,730192128,BBC,Vaqueros,UTRGV,UT Rio Grande Valley,54,28,0,0,149,44,44,0,29.5%,100.0%,32,8,8,0,25.0%,100.0%,111,70,70,0,63.1%,100.0%
1,4504,Redhawks,Seattle,Seattle University,Seattle,SEA,BBC,,4504,BBC,Redhawks,SEA,Seattle,52,31,0,0,92,29,29,0,31.5%,100.0%,40,11,11,0,27.5%,100.0%,55,40,40,0,72.7%,100.0%
1,730198016,Patriots,Dallas Baptist,Dallas Baptist University,Dallas Baptist,DBU,BBC,,730198016,BBC,Patriots,DBU,Dallas Baptist,59,24,0,0,111,46,46,0,41.4%,100.0%,55,27,27,0,49.1%,100.0%,92,63,63,0,68.5%,100.0%
1,730205440,Falcons,Air Force,Air Force Academy,Air Force,AFA,BBC,,730205440,BBC,Falcons,AFA,Air Force,54,25,0,0,84,26,26,0,31.0%,100.0%,45,26,26,0,57.8%,100.0%,91,50,50,0,54.9%,100.0%
1,730153472,Lobos,New Mexico,University of New Mexico,New Mexico,UNM,BBC,,730153472,BBC,Lobos,UNM,New Mexico,53,30,0,0,128,47,47,0,36.7%,100.0%,63,27,27,0,42.9%,100.0%,99,62,62,0,62.6%,100.0%
1,4784,Wolf Pack,Nevada,University of Nevada,Nevada,NEV,BBC,,4784,BBC,Wolf Pack,NEV,Nevada,57,35,0,0,132,31,31,0,23.5%,100.0%,42,12,12,0,28.6%,100.0%,107,72,72,0,67.3%,100.0%
1,730206720,Spartans,San Jose State,San Jose State University,San Jose State,SJSU,BBC,,730206720,BBC,Spartans,SJSU,San Jose State,59,32,0,0,116,50,50,0,43.1%,100.0%,37,21,21,0,56.8%,100.0%,71,49,49,0,69.0%,100.0%
1,730384384,Bulldogs,Fresno State,Fresno State,Fresno State,FRES,BBC,,730384384,BBC,Bulldogs,FRES,Fresno State,60,30,0,0,124,36,36,0,29.0%,100.0%,44,25,25,0,56.8%,100.0%,107,56,56,0,52.3%,100.0%
1,730206976,Crimson Tide,Alabama,University of Alabama,Alabama,ALA,BBC,,730206976,BBC,Crimson Tide,ALA,Alabama,59,28,0,0,127,47,47,0,37.0%,100.0%,37,13,13,0,35.1%,100.0%,83,53,53,0,63.9%,100.0%
1,730363648,Jaspers,Manhattan,Manhattan College,Manhattan,MAN,BBC,,730363648,BBC,Jaspers,MAN,Manhattan,48,42,0,0,77,28,28,0,36.4%,100.0%,36,17,17,0,47.2%,100.0%,65,36,36,0,55.4%,100.0%
1,730369536,Crusaders,Valparaiso,Valparaiso University,Valparaiso,VALP,BBC,,730369536,BBC,Crusaders,VALP,Valparaiso,50,17,0,0,78,24,24,0,30.8%,100.0%,28,11,11,0,39.3%,100.0%,53,26,26,0,49.1%,100.0%
1,730378496,Trojans,Troy,Troy University,Troy,TROY,BBC,,730378496,BBC,Trojans,TROY,Troy,60,32,0,0,117,39,39,0,33.3%,100.0%,49,25,25,0,51.0%,100.0%,99,66,66,0,66.7%,100.0%
1,730298880,Jaguars,South Alabama,University of South Alabama,South Alabama,USA,BBC,,730298880,BBC,Jaguars,USA,South Alabama,51,29,0,0,102,31,31,0,30.4%,100.0%,31,13,13,0,41.9%,100.0%,71,43,43,0,60.6%,100.0%
1,3032,Aggies,Texas A&M,Texas A&M University,Texas A&M,TXAM,BBC,,3032,BBC,Aggies,TXAM,Texas A&M,56,28,0,0,102,33,33,0,32.4%,100.0%,31,11,11,0,35.5%,100.0%,70,35,35,0,50.0%,100.0%
1,730386432,Bulldogs,Samford,Samford University,Samford,SAM,BBC,,730386432,BBC,Bulldogs,SAM,Samford,57,30,0,0,95,23,23,0,24.2%,100.0%,45,22,22,0,48.9%,100.0%,89,49,49,0,55.1%,100.0%
1,730345984,Blazers,UAB,UAB,UAB,UAB,BBC,,730345984,BBC,Blazers,UAB,UAB,54,35,0,0,107,38,38,0,35.5%,100.0%,21,8,8,0,38.1%,100.0%,90,60,60,0,66.7%,100.0%
1,730238976,Skyhawks,UT Martin,University of Tennessee at Martin,UT Martin,UTM,BBC,,730238976,BBC,Skyhawks,UTM,UT Martin,54,44,0,0,96,29,29,0,30.2%,100.0%,36,17,17,0,47.2%,100.0%,85,49,49,0,57.6%,100.0%
1,730203904,Shockers,Wichita State,Wichita State University,Wichita State,WICH,BBC,,730203904,BBC,Shockers,WICH,Wichita State,56,29,0,0,102,32,32,0,31.4%,100.0%,41,18,18,0,43.9%,100.0%,84,54,54,0,64.3%,100.0%
1,730172160,Tigers,Memphis,University of Memphis,Memphis,MEM,BBC,,730172160,BBC,Tigers,MEM,Memphis,55,21,0,0,88,22,22,0,25.0%,100.0%,36,21,21,0,58.3%,100.0%,59,43,43,0,72.9%,100.0%
1,730240256,Mountaineers,Appalachian State,Appalachian State University,Appalachian State,APP,BBC,,730240256,BBC,Mountaineers,APP,Appalachian State,54,34,0,0,110,28,28,0,25.5%,100.0%,40,16,16,0,40.0%,100.0%,83,56,56,0,67.5%,100.0%
1,730333696,Thundering Herd,Marshall,Marshall University,Marshall,MRSH,BBC,,730333696,BBC,Thundering Herd,MRSH,Marshall,59,29,0,0,103,34,34,0,33.0%,100.0%,36,21,21,0,58.3%,100.0%,101,50,50,0,49.5%,100.0%
1,1570,Bulldogs,UNC Asheville,UNC Asheville,UNC Asheville,UNCA,BBC,,1570,BBC,Bulldogs,UNCA,UNC Asheville,50,38,0,0,92,29,29,0,31.5%,100.0%,33,12,12,0,36.4%,100.0%,77,40,40,0,51.9%,100.0%
1,730331648,Eagles,Georgia Southern,Georgia Southern University,Georgia Southern,GASO,BBC,,730331648,BBC,Eagles,GASO,Georgia Southern,59,41,0,0,122,34,34,0,27.9%,100.0%,35,17,17,0,48.6%,100.0%,84,50,50,0,59.5%,100.0%
1,5035,Sun Devils,Arizona State,Arizona State University,Arizona State,ASU,BBC,,5035,BBC,Sun Devils,ASU,Arizona State,60,39,0,0,128,52,52,0,40.6%,100.0%,44,17,17,0,38.6%,100.0%,96,59,59,0,61.5%,100.0%
1,5045,Horned Frogs,TCU,Texas Christian University,TCU,TCU,BBC,,5045,BBC,Horned Frogs,TCU,TCU,59,21,0,0,123,54,54,0,43.9%,100.0%,33,11,11,0,33.3%,100.0%,82,45,45,0,54.9%,100.0%
1,730251264,Cardinal,Stanford,Stanford University,Stanford,STAN,BBC,,730251264,BBC,Cardinal,STAN,Stanford,52,24,0,0,123,39,39,0,31.7%,100.0%,28,10,10,0,35.7%,100.0%,83,47,47,0,56.6%,100.0%
1,232,Wildcats,Arizona,University of Arizona,Arizona,ARIZ,BBC,,232,BBC,Wildcats,ARIZ,Arizona,65,23,0,0,120,41,41,0,34.2%,100.0%,41,24,24,0,58.5%,100.0%,81,47,47,0,58.0%,100.0%
1,5310,Antelopes,Grand Canyon,Grand Canyon University,Grand Canyon,GC,BBC,,5310,BBC,Antelopes,GC,Grand Canyon,58,24,0,0,136,53,53,0,39.0%,100.0%,46,19,19,0,41.3%,100.0%,89,54,54,0,60.7%,100.0%
1,3375,Razorbacks,Arkansas,University of Arkansas,Arkansas,ARK,BBC,,3375,BBC,Razorbacks,ARK,Arkansas,65,27,0,0,133,43,43,0,32.3%,100.0%,47,13,13,0,27.7%,100.0%,104,64,64,0,61.5%,100.0%
1,730340096,Dukes,James Madison,James Madison University,James Madison,JMU,BBC,,730340096,BBC,Dukes,JMU,James Madison,55,36,0,0,64,24,24,0,37.5%,100.0%,34,13,13,0,38.2%,100.0%,62,39,39,0,62.9%,100.0%
1,5378,Tigers,Grambling State,Grambling State University,Grambling State,GRAM,BBC,,5378,BBC,Tigers,GRAM,Grambling State,54,52,0,0,110,40,40,0,36.4%,100.0%,36,18,18,0,50.0%,100.0%,108,62,62,0,57.4%,100.0%
1,730188032,Racers,Murray State,Murray State University,Murray State,MURR,BBC,,730188032,BBC,Racers,MURR,Murray State,61,42,0,0,135,36,36,0,26.7%,100.0%,59,27,27,0,45.8%,100.0%,124,69,69,0,55.6%,100.0%
1,730285056,Cowboys,McNeese State,McNeese State University,McNeese State,MCNS,BBC,,730285056,BBC,Cowboys,MCNS,McNeese State,48,27,0,0,91,26,26,0,28.6%,100.0%,40,21,21,0,52.5%,100.0%,66,43,43,0,65.2%,100.0%
1,730180096,Golden Eagles,Oral Roberts,Oral Roberts University,Oral Roberts,ORU,BBC,,730180096,BBC,Golden Eagles,ORU,Oral Roberts,59,34,0,0,116,31,31,0,26.7%,100.0%,30,10,10,0,33.3%,100.0%,94,54,54,0,57.4%,100.0%
1,4806,Tigers,Missouri,University of Missouri,Missouri,MIZZ,BBC,,4806,BBC,Tigers,MIZZ,Missouri,55,28,0,0,100,28,28,0,28.0%,100.0%,23,7,7,0,30.4%,100.0%,86,44,44,0,51.2%,100.0%
1,5323,Tigers,Louisiana State,Louisiana State University,Louisiana State,LSU,BBC,,5323,BBC,Tigers,LSU,Louisiana State,68,45,0,0,144,54,54,0,37.5%,100.0%,46,22,22,0,47.8%,100.0%,115,75,75,0,65.2%,100.0%
1,730290176,Red Wolves,Arkansas State,Arkansas State University,Arkansas State,ARST,BBC,,730290176,BBC,Red Wolves,ARST,Arkansas State,54,33,0,0,90,25,25,0,27.8%,100.0%,26,6,6,0,23.1%,100.0%,73,40,40,0,54.8%,100.0%
1,5322,Rebels,Ole Miss,University of Mississippi,Ole Miss,MISS,BBC,,5322,BBC,Rebels,MISS,Ole Miss,64,36,0,0,134,42,42,0,31.3%,100.0%,41,13,13,0,31.7%,100.0%,88,62,62,0,70.5%,100.0%
1,2350,Red Raiders,Texas Tech,Texas Tech University,Texas Tech,TTU,BBC,,2350,BBC,Red Raiders,TTU,Texas Tech,53,33,0,0,106,37,37,0,34.9%,100.0%,33,20,20,0,60.6%,100.0%,70,42,42,0,60.0%,100.0%
1,730168320,Gators,Florida,University of Florida,Florida,FLA,BBC,,730168320,BBC,Gators,FLA,Florida,61,26,0,0,132,40,40,0,30.3%,100.0%,46,17,17,0,37.0%,100.0%,96,65,65,0,67.7%,100.0%
1,5080,Bulldogs,Mississippi State,Mississippi State University,Mississippi State,MSST,BBC,,5080,BBC,Bulldogs,MSST,Mississippi State,59,22,0,0,119,44,44,0,37.0%,100.0%,50,26,26,0,52.0%,100.0%,93,55,55,0,59.1%,100.0%
1,730348544,Gamecocks,South Carolina,University of South Carolina,South Carolina,SCAR,BBC,,730348544,BBC,Gamecocks,SCAR,South Carolina,57,34,0,0,87,22,22,0,25.3%,100.0%,31,12,12,0,38.7%,100.0%,69,37,37,0,53.6%,100.0%
1,5420,Bobcats,Texas State,Texas State University,Texas State,TXST,BBC,,5420,BBC,Bobcats,TXST,Texas State,58,33,0,0,92,29,29,0,31.5%,100.0%,34,17,17,0,50.0%,100.0%,84,52,52,0,61.9%,100.0%
1,730217472,Trojans,Little Rock,Little Rock,Little Rock,UALR,BBC,,730217472,BBC,Trojans,UALR,Little Rock,61,34,0,0,128,42,42,0,32.8%,100.0%,42,18,18,0,42.9%,100.0%,103,62,62,0,60.2%,100.0%
1,730258944,Redbirds,Illinois State,Illinois State University,Illinois State,ILST,BBC,,730258944,BBC,Redbirds,ILST,Illinois State,56,36,0,0,113,38,38,0,33.6%,100.0%,39,12,12,0,30.8%,100.0%,95,54,54,0,56.8%,100.0%
1,4744,Black Knights,Army,Army West Point,Army,ARMY,BBC,,4744,BBC,Black Knights,ARMY,Army,50,34,0,0,95,34,34,0,35.8%,100.0%,34,13,13,0,38.2%,100.0%,85,59,59,0,69.4%,100.0%
1,730310656,Crusaders,Holy Cross,College of the Holy Cross,Holy Cross,HC,BBC,,730310656,BBC,Crusaders,HC,Holy Cross,58,41,0,0,112,38,38,0,33.9%,100.0%,43,19,19,0,44.2%,100.0%,93,57,57,0,61.3%,100.0%
1,730214144,Bison,Bucknell,Bucknell University,Bucknell,BUCK,BBC,,730214144,BBC,Bison,BUCK,Bucknell,45,29,0,0,69,30,30,0,43.5%,100.0%,28,16,16,0,57.1%,100.0%,55,36,36,0,65.5%,100.0%
1,730374656,Red Foxes,Marist,Marist College,Marist,MRST,BBC,,730374656,BBC,Red Foxes,MRST,Marist,54,39,0,0,117,35,35,0,29.9%,100.0%,32,17,17,0,53.1%,100.0%,102,58,58,0,56.9%,100.0%
1,5417,Colonels,Eastern Kentucky,Eastern Kentucky University,Eastern Kentucky,EKY,BBC,,5417,BBC,Colonels,EKY,Eastern Kentucky,55,22,0,0,81,31,31,0,38.3%,100.0%,26,9,9,0,34.6%,100.0%,56,23,23,0,41.1%,100.0%
1,5466,Tigers,Auburn,Auburn University,Auburn,AUB,BBC,,5466,BBC,Tigers,AUB,Auburn,61,27,0,0,126,42,42,0,33.3%,100.0%,46,18,18,0,39.1%,100.0%,110,61,61,0,55.5%,100.0%
1,730219520,Governors,Austin Peay,Austin Peay State University,Austin Peay,PEAY,BBC,,730219520,BBC,Governors,PEAY,Austin Peay,59,44,0,0,135,45,45,0,33.3%,100.0%,47,22,22,0,46.8%,100.0%,118,75,75,0,63.6%,100.0%
1,730153728,Volunteers,Tennessee,University of Tennessee,Tennessee,TENN,BBC,,730153728,BBC,Volunteers,TENN,Tennessee,65,29,0,0,124,36,36,0,29.0%,100.0%,40,15,15,0,37.5%,100.0%,101,65,65,0,64.4%,100.0%
1,100,Yellow Jackets,Georgia Tech,Georgia Tech,Georgia Tech,GT,BBC,,100,BBC,Yellow Jackets,GT,Georgia Tech,60,36,0,0,123,43,43,0,35.0%,100.0%,49,20,20,0,40.8%,100.0%,112,70,70,0,62.5%,100.0%
1,754315264,Queens University of Charlotte,Queens University of Charlotte,Queens University of Charlotte,Queens University of Charlotte,QUC,BBC,,754315264,BBC,Queens University of Charlotte,QUC,Queens University of Charlotte,53,33,0,0,74,24,24,0,32.4%,100.0%,21,7,7,0,33.3%,100.0%,53,32,32,0,60.4%,100.0%
1,730167552,Knights,Bellarmine,Bellarmine University,Bellarmine,BU,BBC,,730167552,BBC,Knights,BU,Bellarmine,55,44,0,0,101,33,33,0,32.7%,100.0%,36,16,16,0,44.4%,100.0%,69,47,47,0,68.1%,100.0%
1,730335488,Dolphins,Jacksonville,Jacksonville University,Jacksonville,JAC,BBC,,730335488,BBC,Dolphins,JAC,Jacksonville,56,39,0,0,104,44,44,0,42.3%,100.0%,26,13,13,0,50.0%,100.0%,90,60,60,0,66.7%,100.0%
1,730195456,Cardinals,Ball State,Ball State University,Ball State,BALL,BBC,,730195456,BBC,Cardinals,BALL,Ball State,58,37,0,0,134,51,51,0,38.1%,100.0%,37,18,18,0,48.6%,100.0%,93,52,52,0,55.9%,100.0%
1,730231552,Mastodons,Fort Wayne,Fort Wayne,Fort Wayne,PFW,BBC,,730231552,BBC,Mastodons,PFW,Fort Wayne,53,31,0,0,89,26,26,0,29.2%,100.0%,32,9,9,0,28.1%,100.0%,80,39,39,0,48.8%,100.0%
1,730288640,Screaming Eagles,Southern Indiana,University of Southern Indiana,Southern Indiana,SIND,BBC,,730288640,BBC,Screaming Eagles,SIND,Southern Indiana,56,40,0,0,167,60,60,0,35.9%,100.0%,39,18,18,0,46.2%,100.0%,112,74,74,0,66.1%,100.0%
1,730298368,Bobcats,Ohio,Ohio University,Ohio,OHIO,BBC,,730298368,BBC,Bobcats,OHIO,Ohio,51,24,0,0,104,38,38,0,36.5%,100.0%,35,16,16,0,45.7%,100.0%,75,39,39,0,52.0%,100.0%
1,5388,Rockets,Toledo,University of Toledo,Toledo,TOL,BBC,,5388,BBC,Rockets,TOL,Toledo,61,35,0,0,105,50,50,0,47.6%,100.0%,28,8,8,0,28.6%,100.0%,84,58,58,0,69.0%,100.0%
1,3033,Bears,Baylor,Baylor University,Baylor,BAY,BBC,,3033,BBC,Bears,BAY,Baylor,55,35,0,0,106,39,39,0,36.8%,100.0%,34,15,15,0,44.1%,100.0%,97,61,61,0,62.9%,100.0%
1,730162432,Cardinals,Lamar,Lamar University,Lamar,LAM,BBC,,730162432,BBC,Cardinals,LAM,Lamar,57,36,0,0,150,38,38,0,25.3%,100.0%,49,27,27,0,55.1%,100.0%,113,66,66,0,58.4%,100.0%
1,4866,Hoosiers,Indiana,"Indiana University, Bloomington",Indiana,IND,BBC,,4866,BBC,Hoosiers,IND,Indiana,56,31,0,0,117,33,33,0,28.2%,100.0%,44,19,19,0,43.2%,100.0%,104,62,62,0,59.6%,100.0%
1,5379,Flames,Illinois-Chicago,University of Illinois-Chicago,Illinois-Chicago,UIC,BBC,,5379,BBC,Flames,UIC,Illinois-Chicago,55,37,0,0,101,37,37,0,36.6%,100.0%,29,14,14,0,48.3%,100.0%,85,48,48,0,56.5%,100.0%
1,730190336,Bruins,Belmont,Belmont University,Belmont,BEL,BBC,,730190336,BBC,Bruins,BEL,Belmont,60,30,0,0,114,31,31,0,27.2%,100.0%,38,17,17,0,44.7%,100.0%,101,66,66,0,65.3%,100.0%
1,730152960,Wildcats,Bethune-Cookman,Bethune-Cookman University,Bethune-Cookman,COOK,BBC,,730152960,BBC,Wildcats,COOK,Bethune-Cookman,60,35,0,0,104,41,41,0,39.4%,100.0%,51,23,23,0,45.1%,100.0%,95,55,55,0,57.9%,100.0%
1,730378240,Tigers,Jackson State,Jackson State University,Jackson State,JKST,BBC,,730378240,BBC,Tigers,JKST,Jackson State,51,50,0,0,92,36,36,0,39.1%,100.0%,22,11,11,0,50.0%,100.0%,99,53,53,0,53.5%,100.0%
1,730155776,Bearcats,Binghamton,Binghamton University,Binghamton,BING,BBC,,730155776,BBC,Bearcats,BING,Binghamton,55,31,0,0,103,32,32,0,31.1%,100.0%,52,20,20,0,38.5%,100.0%,88,46,46,0,52.3%,100.0%
1,730218752,Golden Griffins,Canisius,Canisius College,Canisius,CAN,BBC,,730218752,BBC,Golden Griffins,CAN,Canisius,45,22,0,0,57,10,10,0,17.5%,100.0%,29,10,10,0,34.5%,100.0%,51,26,26,0,51.0%,100.0%
1,730202880,Le Moyne,Le Moyne,Le Moyne College,Le Moyne,LMC,BBC,,730202880,BBC,Le Moyne,LMC,Le Moyne,48,40,0,0,100,17,17,0,17.0%,100.0%,32,10,10,0,31.3%,100.0%,84,40,40,0,47.6%,100.0%
1,730298624,Big Red,Cornell,Cornell University,Cornell,COR,BBC,,730298624,BBC,Big Red,COR,Cornell,34,31,0,0,65,19,19,0,29.2%,100.0%,33,7,7,0,21.2%,100.0%,52,27,27,0,51.9%,100.0%
1,730280448,Great Danes,Albany,University at Albany,Albany,ALBY,BBC,,730280448,BBC,Great Danes,ALBY,Albany,54,30,0,0,86,21,21,0,24.4%,100.0%,33,16,16,0,48.5%,100.0%,100,52,52,0,52.0%,100.0%
1,730210304,Retrievers,UMBC,UMBC,UMBC,UMBC,BBC,,730210304,BBC,Retrievers,UMBC,UMBC,46,40,0,0,73,7,7,0,9.6%,100.0%,27,10,10,0,37.0%,100.0%,66,31,31,0,47.0%,100.0%
1,101,Seminoles,Florida State,Florida State University,Florida State,FSU,BBC,,101,BBC,Seminoles,FSU,Florida State,58,36,0,0,132,35,35,0,26.5%,100.0%,36,14,14,0,38.9%,100.0%,106,67,67,0,63.2%,100.0%
1,227,Eagles,Boston College,Boston College,Boston College,BC,BBC,,227,BBC,Eagles,BC,Boston College,57,32,0,0,109,39,39,0,35.8%,100.0%,22,13,13,0,59.1%,100.0%,73,51,51,0,69.9%,100.0%
1,343,Huskies,Northeastern,Northeastern University,Northeastern,NE,BBC,,343,BBC,Huskies,NE,Northeastern,60,28,0,0,96,33,33,0,34.4%,100.0%,24,15,15,0,62.5%,100.0%,102,61,61,0,59.8%,100.0%
1,5415,Cavaliers,Virginia,University of Virginia,Virginia,UVA,BBC,,5415,BBC,Cavaliers,UVA,Virginia,50,29,0,0,116,36,36,0,31.0%,100.0%,22,8,8,0,36.4%,100.0%,98,64,64,0,65.3%,100.0%
1,5467,Cardinals,Louisville,University of Louisville,Louisville,LOU,BBC,,5467,BBC,Cardinals,LOU,Louisville,66,38,0,0,130,67,67,0,51.5%,100.0%,35,13,13,0,37.1%,100.0%,106,67,67,0,63.2%,100.0%
1,2330,Hoyas,Georgetown,Georgetown University,Georgetown,GTWN,BBC,,2330,BBC,Hoyas,GTWN,Georgetown,56,20,0,0,87,27,27,0,31.0%,100.0%,30,15,15,0,50.0%,100.0%,91,50,50,0,54.9%,100.0%
1,730189056,Falcons,Bowling Green,Bowling Green State University,Bowling Green,BGSU,BBC,,730189056,BBC,Falcons,BGSU,Bowling Green,55,39,0,0,140,50,50,0,35.7%,100.0%,38,18,18,0,47.4%,100.0%,105,61,61,0,58.1%,100.0%
1,730253312,Braves,Bradley,Bradley University,Bradley,BRAD,BBC,,730253312,BBC,Braves,BRAD,Bradley,51,25,0,0,83,29,29,0,34.9%,100.0%,30,12,12,0,40.0%,100.0%,79,47,47,0,59.5%,100.0%
1,730327808,Purple Aces,Evansville,University of Evansville,Evansville,EVAN,BBC,,730327808,BBC,Purple Aces,EVAN,Evansville,54,20,0,0,101,31,31,0,30.7%,100.0%,43,12,12,0,27.9%,100.0%,96,53,53,0,55.2%,100.0%
1,730200832,Bulldogs,Gonzaga,Gonzaga University,Gonzaga,GONZ,BBC,,730200832,BBC,Bulldogs,GONZ,Gonzaga,53,31,0,0,122,34,34,0,27.9%,100.0%,41,21,21,0,51.2%,100.0%,87,56,56,0,64.4%,100.0%
1,730257152,Cougars,BYU,Brigham Young University,BYU,BYU,BBC,,730257152,BBC,Cougars,BYU,BYU,55,27,0,0,100,39,39,0,39.0%,100.0%,46,22,22,0,47.8%,100.0%,89,58,58,0,65.2%,100.0%
1,3030,Cougars,Houston,University of Houston,Houston,HOU,BBC,,3030,BBC,Cougars,HOU,Houston,55,28,0,0,90,31,31,0,34.4%,100.0%,28,13,13,0,46.4%,100.0%,83,49,49,0,59.0%,100.0%
1,730318592,Trailblazers,Utah Tech,Utah Tech University,Utah Tech,UTU,BBC,,730318592,BBC,Trailblazers,UTU,Utah Tech,55,31,0,0,111,26,26,0,23.4%,100.0%,35,9,9,0,25.7%,100.0%,92,58,58,0,63.0%,100.0%
1,730294528,Sooners,Oklahoma,University of Oklahoma,Oklahoma,OKLA,BBC,,730294528,BBC,Sooners,OKLA,Oklahoma,60,28,0,0,117,51,51,0,43.6%,100.0%,40,19,19,0,47.5%,100.0%,89,70,70,0,78.7%,100.0%
1,5465,Bearcats,Cincinnati,University of Cincinnati,Cincinnati,CIN,BBC,,5465,BBC,Bearcats,CIN,Cincinnati,59,28,0,0,121,40,40,0,33.1%,100.0%,33,9,9,0,27.3%,100.0%,105,66,66,0,62.9%,100.0%
1,730236160,Bears,Brown,Brown University,Brown,BRWN,BBC,,730236160,BBC,Bears,BRWN,Brown,39,19,0,0,56,16,16,0,28.6%,100.0%,15,10,10,0,66.7%,100.0%,53,26,26,0,49.1%,100.0%
1,730291712,Mountaineers,Mount St. Mary's,Mount St. Mary's University,Mount St. Mary's,MSM,BBC,,730291712,BBC,Mountaineers,MSM,Mount St. Mary's,51,40,0,0,97,27,27,0,27.8%,100.0%,21,6,6,0,28.6%,100.0%,88,45,45,0,51.1%,100.0%
1,730217728,Leopards,Lafayette,Lafayette College,Lafayette,LAF,BBC,,730217728,BBC,Leopards,LAF,Lafayette,49,35,0,0,109,29,29,0,26.6%,100.0%,20,6,6,0,30.0%,100.0%,84,49,49,0,58.3%,100.0%
1,730283520,Bulldogs,Butler,Butler University,Butler,BUT,BBC,,730283520,BBC,Bulldogs,BUT,Butler,54,29,0,0,109,31,31,0,28.4%,100.0%,41,15,15,0,36.6%,100.0%,91,51,51,0,56.0%,100.0%
1,5464,Musketeers,Xavier,Xavier University,Xavier,XAV,BBC,,5464,BBC,Musketeers,XAV,Xavier,59,33,0,0,119,27,27,0,22.7%,100.0%,43,14,14,0,32.6%,100.0%,89,44,44,0,49.4%,100.0%
1,5487,Mustangs,Cal Poly,Cal Poly,Cal Poly,CP,BBC,,5487,BBC,Mustangs,CP,Cal Poly,62,33,0,0,138,42,42,0,30.4%,100.0%,43,21,21,0,48.8%,100.0%,124,90,90,0,72.6%,100.0%
1,730380032,Matadors,CSU Northridge,Cal State-Northridge,CSU Northridge,CSN,BBC,,730380032,BBC,Matadors,CSN,CSU Northridge,49,33,0,0,103,34,34,0,33.0%,100.0%,31,18,18,0,58.1%,100.0%,72,46,46,0,63.9%,100.0%
1,730297600,Broncos,Santa Clara,Santa Clara University,Santa Clara,SCU,BBC,,730297600,BBC,Broncos,SCU,Santa Clara,50,26,0,0,83,29,29,0,34.9%,100.0%,36,19,19,0,52.8%,100.0%,70,34,34,0,48.6%,100.0%
1,5414,Titans,CSU Fullerton,Cal State Fullerton,CSU Fullerton,CSF,BBC,,5414,BBC,Titans,CSF,CSU Fullerton,56,26,0,0,110,31,31,0,28.2%,100.0%,33,14,14,0,42.4%,100.0%,102,58,58,0,56.9%,100.0%
1,5047,Trojans,USC,University of Southern California,USC,USC,BBC,,5047,BBC,Trojans,USC,USC,60,22,0,0,123,43,43,0,35.0%,100.0%,46,25,25,0,54.3%,100.0%,99,66,66,0,66.7%,100.0%
1,730283008,Roadrunners,CSU Bakersfield,CSU Bakersfield,CSU Bakersfield,CSB,BBC,,730283008,BBC,Roadrunners,CSB,CSU Bakersfield,56,28,0,0,103,32,32,0,31.1%,100.0%,25,14,14,0,56.0%,100.0%,98,54,54,0,55.1%,100.0%
1,730348032,Tritons,UC San Diego,UC San Diego,UC San Diego,UCSD,BBC,,730348032,BBC,Tritons,UCSD,UC San Diego,51,29,0,0,90,37,37,0,41.1%,100.0%,53,31,31,0,58.5%,100.0%,68,45,45,0,66.2%,100.0%
1,730152448,Golden Bears,California,University of California,California,CAL,BBC,,730152448,BBC,Golden Bears,CAL,California,55,25,0,0,109,34,34,0,31.2%,100.0%,37,20,20,0,54.1%,100.0%,81,53,53,0,65.4%,100.0%
1,5424,Panthers,Pittsburgh,University of Pittsburgh,Pittsburgh,PITT,BBC,,5424,BBC,Panthers,PITT,Pittsburgh,55,38,0,0,99,43,43,0,43.4%,100.0%,28,6,6,0,21.4%,100.0%,95,53,53,0,55.8%,100.0%
1,730149120,Lions,Loyola Marymount,Loyola Marymount University,Loyola Marymount,LMU,BBC,,730149120,BBC,Lions,LMU,Loyola Marymount,58,39,0,0,109,30,30,0,27.5%,100.0%,32,9,9,0,28.1%,100.0%,93,70,70,0,75.3%,100.0%
1,730293760,Hornets,Sacramento State,Sacramento State University,Sacramento State,SAC,BBC,,730293760,BBC,Hornets,SAC,Sacramento State,58,29,0,0,130,35,35,0,26.9%,100.0%,27,8,8,0,29.6%,100.0%,100,60,60,0,60.0%,100.0%
1,730386944,Tigers,Pacific,University of the Pacific,Pacific,PAC,BBC,,730386944,BBC,Tigers,PAC,Pacific,56,33,0,0,87,24,24,0,27.6%,100.0%,18,5,5,0,27.8%,100.0%,94,52,52,0,55.3%,100.0%
1,730236416,Tarleton State,Tarleton State,Tarleton State University,Tarleton State,TAR,BBC,,730236416,BBC,Tarleton State,TAR,Tarleton State,56,34,0,0,104,37,37,0,35.6%,100.0%,43,13,13,0,30.2%,100.0%,81,36,36,0,44.4%,100.0%
1,730227200,Lumberjacks,Stephen F. Austin State,Stephen F. Austin State University,Stephen F. Austin State,SFA,BBC,,730227200,BBC,Lumberjacks,SFA,Stephen F. Austin State,49,33,0,0,107,28,28,0,26.2%,100.0%,27,8,8,0,29.6%,100.0%,97,50,50,0,51.5%,100.0%
1,730216192,Big Green,Dartmouth,Dartmouth College,Dartmouth,DART,BBC,,730216192,BBC,Big Green,DART,Dartmouth,36,26,0,0,64,13,13,0,20.3%,100.0%,22,14,14,0,63.6%,100.0%,48,24,24,0,50.0%,100.0%
1,730161664,Rebels,UNLV,UNLV,UNLV,UNLV,BBC,,730161664,BBC,Rebels,UNLV,UNLV,54,45,0,0,126,41,41,0,32.5%,100.0%,31,14,14,0,45.2%,100.0%,85,47,47,0,55.3%,100.0%
1,730338304,Waves,Pepperdine,Pepperdine University,Pepperdine,PEPP,BBC,,730338304,BBC,Waves,PEPP,Pepperdine,54,29,0,0,93,13,13,0,14.0%,100.0%,22,8,8,0,36.4%,100.0%,66,33,33,0,50.0%,100.0%
1,730364160,Gauchos,UC Santa Barbara,UC Santa Barbara,UC Santa Barbara,UCSB,BBC,,730364160,BBC,Gauchos,UCSB,UC Santa Barbara,54,32,0,0,107,30,30,0,28.0%,100.0%,32,15,15,0,46.9%,100.0%,82,47,47,0,57.3%,100.0%
1,730187776,Fighting Camels,Campbell,Campbell University,Campbell,CAMP,BBC,,730187776,BBC,Fighting Camels,CAMP,Campbell,56,40,0,0,106,31,31,0,29.2%,100.0%,30,16,16,0,53.3%,100.0%,79,56,56,0,70.9%,100.0%
1,730270720,Pirates,East Carolina,East Carolina University,East Carolina,ECU,BBC,,730270720,BBC,Pirates,ECU,East Carolina,62,32,0,0,121,34,34,0,28.1%,100.0%,33,11,11,0,33.3%,100.0%,92,41,41,0,44.6%,100.0%
1,730203136,Fightin Blue Hens,Delaware,University of Delaware,Delaware,DEL,BBC,,730203136,BBC,Fightin Blue Hens,DEL,Delaware,53,39,0,0,86,26,26,0,30.2%,100.0%,40,19,19,0,47.5%,100.0%,84,52,52,0,61.9%,100.0%
1,730372352,Aggies,North Carolina A&T,North Carolina A&T State University,North Carolina A&T,NCAT,BBC,,730372352,BBC,Aggies,NCAT,North Carolina A&T,52,38,0,0,86,16,16,0,18.6%,100.0%,18,8,8,0,44.4%,100.0%,81,50,50,0,61.7%,100.0%
1,730249984,Seawolves,Stony Brook,Stony Brook University,Stony Brook,STON,BBC,,730249984,BBC,Seawolves,STON,Stony Brook,52,26,0,0,75,36,36,0,48.0%,100.0%,36,16,16,0,44.4%,100.0%,76,46,46,0,60.5%,100.0%
1,730336256,Blue Devils,Duke,Duke University,Duke,DUKE,BBC,,730336256,BBC,Blue Devils,DUKE,Duke,62,26,0,0,139,55,55,0,39.6%,100.0%,45,21,21,0,46.7%,100.0%,103,57,57,0,55.3%,100.0%
1,730177792,Cougars,College of Charleston,College of Charleston,College of Charleston,COFC,BBC,,730177792,BBC,Cougars,COFC,College of Charleston,59,38,0,0,118,44,44,0,37.3%,100.0%,37,16,16,0,43.2%,100.0%,105,67,67,0,63.8%,100.0%
1,730156544,Purple Eagles,Niagara,Niagara University,Niagara,NIAG,BBC,,730156544,BBC,Purple Eagles,NIAG,Niagara,47,30,0,0,71,16,16,0,22.5%,100.0%,28,10,10,0,35.7%,100.0%,65,37,37,0,56.9%,100.0%
1,730194432,Buccaneers,Charleston Southern,Charleston Southern University,Charleston Southern,CHSO,BBC,,730194432,BBC,Buccaneers,CHSO,Charleston Southern,53,40,0,0,126,42,42,0,33.3%,100.0%,41,21,21,0,51.2%,100.0%,119,73,73,0,61.3%,100.0%
1,730229504,Seahawks,UNC Wilmington,UNC Wilmington,UNC Wilmington,UNCW,BBC,,730229504,BBC,Seahawks,UNCW,UNC Wilmington,58,36,0,0,119,47,47,0,39.5%,100.0%,34,16,16,0,47.1%,100.0%,101,65,65,0,64.4%,100.0%
1,730267392,Highlanders,Radford,Radford University,Radford,RAD,BBC,,730267392,BBC,Highlanders,RAD,Radford,56,49,0,0,129,43,43,0,33.3%,100.0%,29,17,17,0,58.6%,100.0%,104,63,63,0,60.6%,100.0%
1,730358784,Tigers,Clemson,Clemson University,Clemson,CLEM,BBC,,730358784,BBC,Tigers,CLEM,Clemson,63,26,0,0,113,39,39,0,34.5%,100.0%,44,18,18,0,40.9%,100.0%,101,57,57,0,56.4%,100.0%
1,730197504,Owls,Kennesaw State,Kennesaw State University,Kennesaw State,KENN,BBC,,730197504,BBC,Owls,KENN,Kennesaw State,58,32,0,0,119,32,32,0,26.9%,100.0%,33,16,16,0,48.5%,100.0%,102,58,58,0,56.9%,100.0%
1,730238720,Spartans,UNC Greensboro,UNC Greensboro,UNC Greensboro,UNCG,BBC,,730238720,BBC,Spartans,UNCG,UNC Greensboro,54,38,0,0,90,22,22,0,24.4%,100.0%,22,9,9,0,40.9%,100.0%,60,31,31,0,51.7%,100.0%
1,730317312,Spartans,South Carolina Upstate,University of South Carolina Upstate,South Carolina Upstate,SCUS,BBC,,730317312,BBC,Spartans,SCUS,South Carolina Upstate,61,46,0,0,139,40,40,0,28.8%,100.0%,58,32,32,0,55.2%,100.0%,121,68,68,0,56.2%,100.0%
1,4104,Chanticleers,Coastal Carolina,Coastal Carolina University,Coastal Carolina,CCAR,BBC,,4104,BBC,Chanticleers,CCAR,Coastal Carolina,69,38,0,0,154,60,60,0,39.0%,100.0%,49,21,21,0,42.9%,100.0%,106,72,72,0,67.9%,100.0%
1,730156288,Flames,Liberty,Liberty University,Liberty,LIB,BBC,,730156288,BBC,Flames,LIB,Liberty,56,44,0,0,115,34,34,0,29.6%,100.0%,39,21,21,0,53.8%,100.0%,84,54,54,0,64.3%,100.0%
1,730239744,Panthers,Georgia State,Georgia State University,Georgia State,GAST,BBC,,730239744,BBC,Panthers,GAST,Georgia State,56,36,0,0,91,34,34,0,37.4%,100.0%,46,14,14,0,30.4%,100.0%,70,43,43,0,61.4%,100.0%
1,4865,Cornhuskers,Nebraska,University of Nebraska,Nebraska,NEB,BBC,,4865,BBC,Cornhuskers,NEB,Nebraska,62,40,0,0,124,35,35,0,28.2%,100.0%,48,23,23,0,47.9%,100.0%,96,65,65,0,67.7%,100.0%
1,730176512,Terriers,Wofford,Wofford College,Wofford,WOF,BBC,,730176512,BBC,Terriers,WOF,Wofford,60,40,0,0,113,37,37,0,32.7%,100.0%,37,21,21,0,56.8%,100.0%,103,63,63,0,61.2%,100.0%
1,730232064,Tribe,William & Mary,College of William & Mary,William & Mary,WM,BBC,,730232064,BBC,Tribe,WM,William & Mary,56,33,0,0,138,51,51,0,37.0%,100.0%,41,14,14,0,34.1%,100.0%,108,66,66,0,61.1%,100.0%
1,730319104,Lions,Columbia,Columbia University,Columbia,CLMB,BBC,,730319104,BBC,Lions,CLMB,Columbia,49,40,0,0,114,35,35,0,30.7%,100.0%,42,20,20,0,47.6%,100.0%,86,58,58,0,67.4%,100.0%
1,730334464,Bulldogs,Yale,Yale University,Yale,YALE,BBC,,730334464,BBC,Bulldogs,YALE,Yale,45,31,0,0,83,21,21,0,25.3%,100.0%,27,14,14,0,51.9%,100.0%,83,44,44,0,53.0%,100.0%
1,5486,Huskies,Connecticut,University of Connecticut,Connecticut,CONN,BBC,,5486,BBC,Huskies,CONN,Connecticut,59,23,0,0,115,42,42,0,36.5%,100.0%,39,20,20,0,51.3%,100.0%,109,71,71,0,65.1%,100.0%
1,730243840,Bluejays,Creighton,Creighton University,Creighton,CREI,BBC,,730243840,BBC,Bluejays,CREI,Creighton,59,32,0,0,146,64,64,0,43.8%,100.0%,44,20,20,0,45.5%,100.0%,100,72,72,0,72.0%,100.0%
1,730371584,River Hawks,UMass Lowell,UMass Lowell,UMass Lowell,MASSL,BBC,,730371584,BBC,River Hawks,MASSL,UMass Lowell,53,27,0,0,86,24,24,0,27.9%,100.0%,36,13,13,0,36.1%,100.0%,86,45,45,0,52.3%,100.0%
1,730323200,Jackrabbits,South Dakota State,South Dakota State University,South Dakota State,SDST,BBC,,730323200,BBC,Jackrabbits,SDST,South Dakota State,52,22,0,0,100,32,32,0,32.0%,100.0%,34,13,13,0,38.2%,100.0%,72,42,42,0,58.3%,100.0%
1,730272512,Pirates,Seton Hall,Seton Hall University,Seton Hall,HALL,BBC,,730272512,BBC,Pirates,HALL,Seton Hall,54,39,0,0,112,33,33,0,29.5%,100.0%,20,11,11,0,55.0%,100.0%,88,61,61,0,69.3%,100.0%
1,5342,Chippewas,Central Michigan,Central Michigan University,Central Michigan,CMU,BBC,,5342,BBC,Chippewas,CMU,Central Michigan,55,43,0,0,92,35,35,0,38.0%,100.0%,30,11,11,0,36.7%,100.0%,84,51,51,0,60.7%,100.0%
1,4245,Cowboys,Oklahoma State,Oklahoma State University,Oklahoma State,OKST,BBC,,4245,BBC,Cowboys,OKST,Oklahoma State,55,30,0,0,91,38,38,0,41.8%,100.0%,28,10,10,0,35.7%,100.0%,63,40,40,0,63.5%,100.0%
1,730302720,Aggies,New Mexico State,New Mexico State University,New Mexico State,NMSU,BBC,,730302720,BBC,Aggies,NMSU,New Mexico State,56,30,0,0,117,42,42,0,35.9%,100.0%,39,16,16,0,41.0%,100.0%,82,54,54,0,65.9%,100.0%
1,4468,Golden Panthers,Florida International,Florida International University,Florida International,FIU,BBC,,4468,BBC,Golden Panthers,FIU,Florida International,58,38,0,0,105,45,45,0,42.9%,100.0%,32,14,14,0,43.8%,100.0%,75,46,46,0,61.3%,100.0%
1,730212096,Hilltoppers,Western Kentucky,Western Kentucky University,Western Kentucky,WKU,BBC,,730212096,BBC,Hilltoppers,WKU,Western Kentucky,60,38,0,0,134,40,40,0,29.9%,100.0%,55,24,24,0,43.6%,100.0%,105,58,58,0,55.2%,100.0%
1,730198784,Tigers,Princeton,Princeton University,Princeton,PRIN,BBC,,730198784,BBC,Tigers,PRIN,Princeton,43,13,0,0,73,15,15,0,20.5%,100.0%,16,5,5,0,31.3%,100.0%,49,31,31,0,63.3%,100.0%
1,730275840,Black Bears,Maine,University of Maine,Maine,ME,BBC,,730275840,BBC,Black Bears,ME,Maine,51,30,0,0,104,25,25,0,24.0%,100.0%,27,15,15,0,55.6%,100.0%,74,37,37,0,50.0%,100.0%
1,730158080,Eagles,Morehead State,Morehead State University,Morehead State,MORE,BBC,,730158080,BBC,Eagles,MORE,Morehead State,53,37,0,0,106,24,24,0,22.6%,100.0%,29,12,12,0,41.4%,100.0%,83,42,42,0,50.6%,100.0%
1,730363136,Wildcats,Davidson,Davidson College,Davidson,DAV,BBC,,730363136,BBC,Wildcats,DAV,Davidson,56,32,0,0,114,33,33,0,28.9%,100.0%,46,19,19,0,41.3%,100.0%,96,57,57,0,59.4%,100.0%
1,730278400,Wildcats,Villanova,Villanova University,Villanova,VILL,BBC,,730278400,BBC,Wildcats,VILL,Villanova,50,25,0,0,108,34,34,0,31.5%,100.0%,18,4,4,0,22.2%,100.0%,77,52,52,0,67.5%,100.0%
1,730382592,Saints,Siena,Siena College,Siena,SIE,BBC,,730382592,BBC,Saints,SIE,Siena,54,45,0,0,106,29,29,0,27.4%,100.0%,43,22,22,0,51.2%,100.0%,104,60,60,0,57.7%,100.0%
1,730332416,Hawks,Saint Joseph's,Saint Joseph's University,Saint Joseph's,JOES,BBC,,730332416,BBC,Hawks,JOES,Saint Joseph's,52,33,0,0,101,22,22,0,21.8%,100.0%,40,9,9,0,22.5%,100.0%,94,48,48,0,51.1%,100.0%
1,730171904,Spiders,Richmond,University of Richmond,Richmond,RICH,BBC,,730171904,BBC,Spiders,RICH,Richmond,52,34,0,0,107,40,40,0,37.4%,100.0%,40,12,12,0,30.0%,100.0%,94,59,59,0,62.8%,100.0%
1,730163712,Rams,Rhode Island,University of Rhode Island,Rhode Island,URI,BBC,,730163712,BBC,Rams,URI,Rhode Island,60,43,0,0,138,47,47,0,34.1%,100.0%,40,15,15,0,37.5%,100.0%,113,73,73,0,64.6%,100.0%
1,730375424,Bonnies,St. Bonaventure,St. Bonaventure University,St. Bonaventure,SBON,BBC,,730375424,BBC,Bonnies,SBON,St. Bonaventure,49,35,0,0,101,31,31,0,30.7%,100.0%,20,10,10,0,50.0%,100.0%,75,48,48,0,64.0%,100.0%
1,730217984,Hornets,Delaware State,Delaware State University,Delaware State,DSU,BBC,,730217984,BBC,Hornets,DSU,Delaware State,41,36,0,0,69,22,22,0,31.9%,100.0%,23,7,7,0,30.4%,100.0%,52,24,24,0,46.2%,100.0%
1,730386688,Bobcats,Quinnipiac,Quinnipiac University,Quinnipiac,QUIN,BBC,,730386688,BBC,Bobcats,QUIN,Quinnipiac,56,52,0,0,128,46,46,0,35.9%,100.0%,41,13,13,0,31.7%,100.0%,99,51,51,0,51.5%,100.0%
1,730229248,Scarlet Knights,Rutgers,Rutgers University,Rutgers,RUTG,BBC,,730229248,BBC,Scarlet Knights,RUTG,Rutgers,57,34,0,0,126,40,40,0,31.7%,100.0%,39,20,20,0,51.3%,100.0%,107,66,66,0,61.7%,100.0%
1,730355200,Knights,Fairleigh Dickinson,Fairleigh Dickinson University,Fairleigh Dickinson,FDU,BBC,,730355200,BBC,Knights,FDU,Fairleigh Dickinson,53,34,0,0,86,36,36,0,41.9%,100.0%,32,8,8,0,25.0%,100.0%,80,56,56,0,70.0%,100.0%
1,730194944,Pioneers,Sacred Heart,Sacred Heart University,Sacred Heart,SHU,BBC,,730194944,BBC,Pioneers,SHU,Sacred Heart,54,53,0,0,83,26,26,0,31.3%,100.0%,42,23,23,0,54.8%,100.0%,88,45,45,0,51.1%,100.0%
1,730247680,Wildcats,Northwestern,Northwestern University,Northwestern,NW,BBC,,730247680,BBC,Wildcats,NW,Northwestern,52,18,0,0,70,17,17,0,24.3%,100.0%,36,13,13,0,36.1%,100.0%,60,34,34,0,56.7%,100.0%
1,540536064,Zips,Akron,University of Akron,Akron,AKR,BBC,,540536064,BBC,Zips,AKR,Akron,54,24,0,0,94,30,30,0,31.9%,100.0%,36,13,13,0,36.1%,100.0%,90,42,42,0,46.7%,100.0%
1,236,Hurricanes,Miami,University of Miami,Miami,MIA,BBC,,236,BBC,Hurricanes,MIA,Miami,62,47,0,0,101,36,36,0,35.6%,100.0%,37,14,14,0,37.8%,100.0%,100,54,54,0,54.0%,100.0%
1,730222592,Runnin' Bulldogs,Gardner Webb,Gardner Webb University,Gardner Webb,WEBB,BBC,,730222592,BBC,Runnin' Bulldogs,WEBB,Gardner Webb,53,36,0,0,96,23,23,0,24.0%,100.0%,17,8,8,0,47.1%,100.0%,86,53,53,0,61.6%,100.0%
1,730181888,Tar Heels,North Carolina,University of North Carolina,North Carolina,UNC,BBC,,730181888,BBC,Tar Heels,UNC,North Carolina,61,40,0,0,122,53,53,0,43.4%,100.0%,32,20,20,0,62.5%,100.0%,99,70,70,0,70.7%,100.0%
1,730209280,Lions,Southeastern Louisiana,Southeastern Louisiana University,Southeastern Louisiana,SELA,BBC,,730209280,BBC,Lions,SELA,Southeastern Louisiana,54,24,0,0,130,48,48,0,36.9%,100.0%,34,19,19,0,55.9%,100.0%,95,67,67,0,70.5%,100.0%
1,730216448,Wolfpack,North Carolina State,North Carolina State University,North Carolina State,NCST,BBC,,730216448,BBC,Wolfpack,NCST,North Carolina State,56,38,0,0,111,48,48,0,43.2%,100.0%,45,16,16,0,35.6%,100.0%,89,50,50,0,56.2%,100.0%
1,5385,Eagles,Eastern Michigan,Eastern Michigan University,Eastern Michigan,EMU,BBC,,5385,BBC,Eagles,EMU,Eastern Michigan,52,35,0,0,126,36,36,0,28.6%,100.0%,36,16,16,0,44.4%,100.0%,95,64,64,0,67.4%,100.0%
1,4844,Buccaneers,East Tennessee State,East Tennessee State University,East Tennessee State,ETSU,BBC,,4844,BBC,Buccaneers,ETSU,East Tennessee State,58,35,0,0,108,48,48,0,44.4%,100.0%,44,17,17,0,38.6%,100.0%,86,54,54,0,62.8%,100.0%
1,730366720,Bulldogs,The Citadel,The Citadel,The Citadel,CIT,BBC,,730366720,BBC,Bulldogs,CIT,The Citadel,57,43,0,0,91,32,32,0,35.2%,100.0%,26,9,9,0,34.6%,100.0%,79,39,39,0,49.4%,100.0%
1,5386,Golden Grizzlies,Oakland,Oakland University,Oakland,OAK,BBC,,5386,BBC,Golden Grizzlies,OAK,Oakland,60,49,0,0,112,33,33,0,29.5%,100.0%,31,13,13,0,41.9%,100.0%,95,52,52,0,54.7%,100.0%
1,730230272,Norse,Northern Kentucky,Northern Kentucky University,Northern Kentucky,NKU,BBC,,730230272,BBC,Norse,NKU,Northern Kentucky,56,37,0,0,105,32,32,0,30.5%,100.0%,24,15,15,0,62.5%,100.0%,102,59,59,0,57.8%,100.0%
1,730261504,Hatters,Stetson,Stetson University,Stetson,STET,BBC,,730261504,BBC,Hatters,STET,Stetson,63,46,0,0,136,43,43,0,31.6%,100.0%,38,16,16,0,42.1%,100.0%,112,64,64,0,57.1%,100.0%
1,508,Midshipmen,Navy,U.S. Naval Academy,Navy,NAVY,BBC,,508,BBC,Midshipmen,NAVY,Navy,51,21,0,0,90,29,29,0,32.2%,100.0%,20,8,8,0,40.0%,100.0%,70,42,42,0,60.0%,100.0%
1,730252544,Phoenix,Elon,Elon University,Elon,ELON,BBC,,730252544,BBC,Phoenix,ELON,Elon,57,44,0,0,133,40,40,0,30.1%,100.0%,50,24,24,0,48.0%,100.0%,102,57,57,0,55.9%,100.0%
1,4864,Golden Gophers,Minnesota,University of Minnesota,Minnesota,MINN,BBC,,4864,BBC,Golden Gophers,MINN,Minnesota,52,25,0,0,78,26,26,0,33.3%,100.0%,28,12,12,0,42.9%,100.0%,73,44,44,0,60.3%,100.0%
1,730245120,Pride,Hofstra,Hofstra University,Hofstra,HOF,BBC,,730245120,BBC,Pride,HOF,Hofstra,54,33,0,0,111,23,23,0,20.7%,100.0%,28,7,7,0,25.0%,100.0%,84,52,52,0,61.9%,100.0%
1,730349824,Salukis,Southern Illinois,Southern Illinois University,Southern Illinois,SIU,BBC,,730349824,BBC,Salukis,SIU,Southern Illinois,57,36,0,0,100,45,45,0,45.0%,100.0%,44,21,21,0,47.7%,100.0%,90,58,58,0,64.4%,100.0%
1,730380544,Stags,Fairfield,Fairfield University,Fairfield,FAIR,BBC,,730380544,BBC,Stags,FAIR,Fairfield,58,40,0,0,117,41,41,0,35.0%,100.0%,38,10,10,0,26.3%,100.0%,128,77,77,0,60.2%,100.0%
1,4285,Red Storm,St. John's,St. John's University (NY),St. John's,SJU,BBC,,4285,BBC,Red Storm,SJU,St. John's,53,39,0,0,118,39,39,0,33.1%,100.0%,44,17,17,0,38.6%,100.0%,111,67,67,0,60.4%,100.0%
1,339,Owls,Florida Atlantic,Florida Atlantic University,Florida Atlantic,FAU,BBC,,339,BBC,Owls,FAU,Florida Atlantic,58,31,0,0,123,38,38,0,30.9%,100.0%,39,18,18,0,46.2%,100.0%,100,55,55,0,55.0%,100.0%
1,730238464,Stonehill,Stonehill,Stonehill College,Stonehill,SC,BBC,,730238464,BBC,Stonehill,SC,Stonehill,52,36,0,0,97,33,33,0,34.0%,100.0%,33,16,16,0,48.5%,100.0%,73,51,51,0,69.9%,100.0%
1,730214400,49ers,Charlotte,UNC Charlotte,Charlotte,CHAR,BBC,,730214400,BBC,49ers,CHAR,Charlotte,58,19,0,0,113,45,45,0,39.8%,100.0%,38,16,16,0,42.1%,100.0%,85,57,57,0,67.1%,100.0%
1,730158336,Blue Raiders,Middle Tennessee State,Middle Tennessee State University,Middle Tennessee State,MTU,BBC,,730158336,BBC,Blue Raiders,MTU,Middle Tennessee State,55,39,0,0,100,34,34,0,34.0%,100.0%,36,16,16,0,44.4%,100.0%,81,43,43,0,53.1%,100.0%
1,3374,Bulldogs,Louisiana Tech,Louisiana Tech University,Louisiana Tech,LT,BBC,,3374,BBC,Bulldogs,LT,Louisiana Tech,57,37,0,0,108,39,39,0,36.1%,100.0%,40,19,19,0,47.5%,100.0%,81,51,51,0,63.0%,100.0%
1,5363,Bearkats,Sam Houston State,Sam Houston State University,Sam Houston State,SHSU,BBC,,5363,BBC,Bearkats,SHSU,Sam Houston State,55,23,0,0,92,33,33,0,35.9%,100.0%,26,8,8,0,30.8%,100.0%,80,49,49,0,61.3%,100.0%
1,5416,Rattlers,Florida A&M,Florida A&M University,Florida A&M,FAMU,BBC,,5416,BBC,Rattlers,FAMU,Florida A&M,58,47,0,0,110,34,34,0,30.9%,100.0%,35,18,18,0,51.4%,100.0%,89,47,47,0,52.8%,100.0%
1,730365440,Bulldogs,Alabama A&M,Alabama A&M University,Alabama A&M,AAMU,BBC,,730365440,BBC,Bulldogs,AAMU,Alabama A&M,50,53,0,0,110,31,31,0,28.2%,100.0%,34,19,19,0,55.9%,100.0%,89,45,45,0,50.6%,100.0%
1,730259200,Delta Devils,Mississippi Valley State,Mississippi Valley State University,Mississippi Valley State,MVSU,BBC,,730259200,BBC,Delta Devils,MVSU,Mississippi Valley State,41,36,0,0,61,18,18,0,29.5%,100.0%,31,10,10,0,32.3%,100.0%,59,28,28,0,47.5%,100.0%
1,4964,Eagles,Florida Gulf Coast,Florida Gulf Coast University,Florida Gulf Coast,FGCU,BBC,,4964,BBC,Eagles,FGCU,Florida Gulf Coast,60,29,0,0,124,51,51,0,41.1%,100.0%,38,11,11,0,28.9%,100.0%,92,54,54,0,58.7%,100.0%
1,730175232,Bears,Central Arkansas,University of Central Arkansas,Central Arkansas,CARK,BBC,,730175232,BBC,Bears,CARK,Central Arkansas,55,27,0,0,112,18,18,0,16.1%,100.0%,40,14,14,0,35.0%,100.0%,103,45,45,0,43.7%,100.0%
1,730324992,Rams,Fordham,Fordham University,Fordham,FOR,BBC,,730324992,BBC,Rams,FOR,Fordham,58,33,0,0,113,35,35,0,31.0%,100.0%,32,10,10,0,31.3%,100.0%,94,64,64,0,68.1%,100.0%
1,3031,Anteaters,UC Irvine,UC Irvine,UC Irvine,UCI,BBC,,3031,BBC,Anteaters,UCI,UC Irvine,60,31,0,0,155,53,53,0,34.2%,100.0%,53,25,25,0,47.2%,100.0%,118,72,72,0,61.0%,100.0%
1,730265088,Patriots,George Mason,George Mason University,George Mason,GMU,BBC,,730265088,BBC,Patriots,GMU,George Mason,61,46,0,0,159,52,52,0,32.7%,100.0%,42,20,20,0,47.6%,100.0%,158,95,95,0,60.1%,100.0%
1,730179328,Rams,VCU,Virginia Commonwealth University,VCU,VCU,BBC,,730179328,BBC,Rams,VCU,VCU,54,38,0,0,101,28,28,0,27.7%,100.0%,21,8,8,0,38.1%,100.0%,64,38,38,0,59.4%,100.0%
1,730249216,Colonials,George Washington,George Washington University,George Washington,GW,BBC,,730249216,BBC,Colonials,GW,George Washington,54,32,0,0,110,42,42,0,38.2%,100.0%,35,21,21,0,60.0%,100.0%,97,56,56,0,57.7%,100.0%
1,730266880,Bulldogs,Bryant,Bryant University,Bryant,BRY,BBC,,730266880,BBC,Bulldogs,BRY,Bryant,56,46,0,0,94,37,37,0,39.4%,100.0%,38,17,17,0,44.7%,100.0%,94,50,50,0,53.2%,100.0%
1,5451,Minutemen,UMass,University of Massachusetts,UMass,MASS,BBC,,5451,BBC,Minutemen,MASS,UMass,49,36,0,0,93,25,25,0,26.9%,100.0%,31,14,14,0,45.2%,100.0%,81,43,43,0,53.1%,100.0%
1,5075,Ragin' Cajuns,Louisiana,University of Louisiana at Lafayette,Louisiana,ULL,BBC,,5075,BBC,Ragin' Cajuns,ULL,Louisiana,58,42,0,0,92,35,35,0,38.0%,100.0%,33,9,9,0,27.3%,100.0%,81,46,46,0,56.8%,100.0%
1,730184192,Blue Hose,Presbyterian,Presbyterian College,Presbyterian,PRE,BBC,,730184192,BBC,Blue Hose,PRE,Presbyterian,52,32,0,0,92,24,24,0,26.1%,100.0%,37,15,15,0,40.5%,100.0%,73,32,32,0,43.8%,100.0%
1,2293,Hokies,Virginia Tech,Virginia Tech,Virginia Tech,VT,BBC,,2293,BBC,Hokies,VT,Virginia Tech,56,29,0,0,94,39,39,0,41.5%,100.0%,42,23,23,0,54.8%,100.0%,69,43,43,0,62.3%,100.0%
1,730362880,Warhawks,UL Monroe,University of Louisiana at Monroe,UL Monroe,ULM,BBC,,730362880,BBC,Warhawks,ULM,UL Monroe,55,30,0,0,79,21,21,0,26.6%,100.0%,24,11,11,0,45.8%,100.0%,70,42,42,0,60.0%,100.0%
1,730246656,Golden Eagles,Southern Miss,The University of Southern Mississippi,Southern Miss,USM,BBC,,730246656,BBC,Golden Eagles,USM,Southern Miss,63,42,0,0,148,51,51,0,34.5%,100.0%,39,17,17,0,43.6%,100.0%,102,57,57,0,55.9%,100.0%
1,3111,Beavers,Oregon State,Oregon State University,Oregon State,ORST,BBC,,3111,BBC,Beavers,ORST,Oregon State,65,18,0,0,114,27,27,0,23.7%,100.0%,43,19,19,0,44.2%,100.0%,92,45,45,0,48.9%,100.0%
1,5450,Crimson,Harvard,Harvard University,Harvard,HARV,BBC,,5450,BBC,Crimson,HARV,Harvard,42,17,0,0,73,22,22,0,30.1%,100.0%,14,8,8,0,57.1%,100.0%,59,30,30,0,50.8%,100.0%
1,730321152,Panthers,High Point,High Point University,High Point,HP,BBC,,730321152,BBC,Panthers,HP,High Point,58,33,0,0,140,46,46,0,32.9%,100.0%,64,30,30,0,46.9%,100.0%,106,59,59,0,55.7%,100.0%
1,730194688,Flyers,Dayton,University of Dayton,Dayton,DAY,BBC,,730194688,BBC,Flyers,DAY,Dayton,58,32,0,0,130,36,36,0,27.7%,100.0%,40,21,21,0,52.5%,100.0%,105,76,76,0,72.4%,100.0%
1,730219264,Lancers,Longwood,Longwood University,Longwood,LONG,BBC,,730219264,BBC,Lancers,LONG,Longwood,52,36,0,0,77,34,34,0,44.2%,100.0%,27,11,11,0,40.7%,100.0%,68,41,41,0,60.3%,100.0%
1,4766,Panthers,Prairie View A&M,Prairie View A&M University,Prairie View A&M,PV,BBC,,4766,BBC,Panthers,PV,Prairie View A&M,53,39,0,0,87,27,27,0,31.0%,100.0%,29,12,12,0,41.4%,100.0%,80,52,52,0,65.0%,100.0%
1,245,Longhorns,Texas,University of Texas,Texas,TEX,BBC,,245,BBC,Longhorns,TEX,Texas,58,33,0,0,100,30,30,0,30.0%,100.0%,49,25,25,0,51.0%,100.0%,86,55,55,0,64.0%,100.0%
1,4767,Jaguars,Southern,Southern University,Southern,SOU,BBC,,4767,BBC,Jaguars,SOU,Southern,51,41,0,0,93,29,29,0,31.2%,100.0%,37,16,16,0,43.2%,100.0%,101,46,46,0,45.5%,100.0%
1,730284032,Colonels,Nicholls State,Nicholls State University,Nicholls State,NICH,BBC,,730284032,BBC,Colonels,NICH,Nicholls State,49,36,0,0,103,28,28,0,27.2%,100.0%,25,12,12,0,48.0%,100.0%,83,53,53,0,63.9%,100.0%
1,5326,Nittany Lions,Penn State,Penn State University,Penn State,PSU,BBC,,5326,BBC,Nittany Lions,PSU,Penn State,56,51,0,0,103,29,29,0,28.2%,100.0%,46,23,23,0,50.0%,100.0%,75,52,52,0,69.3%,100.0%
1,730163456,Fighting Illini,Illinois,University of Illinois,Illinois,ILL,BBC,,730163456,BBC,Fighting Illini,ILL,Illinois,54,23,0,0,102,26,26,0,25.5%,100.0%,36,17,17,0,47.2%,100.0%,86,61,61,0,70.9%,100.0%
1,730386176,Huskies,Northern Illinois,Northern Illinois University,Northern Illinois,NIU,BBC,,730386176,BBC,Huskies,NIU,Northern Illinois,54,46,0,0,95,32,32,0,33.7%,100.0%,46,25,25,0,54.3%,100.0%,69,43,43,0,62.3%,100.0%
1,730370560,Leathernecks,Western Illinois,Western Illinois University,Western Illinois,WIU,BBC,,730370560,BBC,Leathernecks,WIU,Western Illinois,50,27,0,0,91,28,28,0,30.8%,100.0%,45,16,16,0,35.6%,100.0%,75,41,41,0,54.7%,100.0%
1,4144,Buckeyes,Ohio State,The Ohio State University,Ohio State,OSU,BBC,,4144,BBC,Buckeyes,OSU,Ohio State,50,36,0,0,88,32,32,0,36.4%,100.0%,35,17,17,0,48.6%,100.0%,61,40,40,0,65.6%,100.0%
1,1232,Hawkeyes,Iowa,University of Iowa,Iowa,IOWA,BBC,,1232,BBC,Hawkeyes,IOWA,Iowa,56,29,0,0,124,41,41,0,33.1%,100.0%,43,16,16,0,37.2%,100.0%,97,56,56,0,57.7%,100.0%
1,2290,Wolverines,Michigan,University of Michigan,Michigan,MICH,BBC,,2290,BBC,Wolverines,MICH,Michigan,56,30,0,0,113,44,44,0,38.9%,100.0%,44,21,21,0,47.7%,100.0%,90,57,57,0,63.3%,100.0%
1,5362,Wildcats,Kentucky,University of Kentucky,Kentucky,UK,BBC,,5362,BBC,Wildcats,UK,Kentucky,57,23,0,0,98,38,38,0,38.8%,100.0%,27,13,13,0,48.1%,100.0%,98,51,51,0,52.0%,100.0%
1,730298112,Cougars,SIU Edwardsville,Southern Illinois Univ.-Edwardsville,SIU Edwardsville,SIUE,BBC,,730298112,BBC,Cougars,SIUE,SIU Edwardsville,54,36,0,0,92,25,25,0,27.2%,100.0%,32,14,14,0,43.8%,100.0%,85,52,52,0,61.2%,100.0%
1,730353152,Boilermakers,Purdue,Purdue University,Purdue,PUR,BBC,,730353152,BBC,Boilermakers,PUR,Purdue,54,28,0,0,102,51,51,0,50.0%,100.0%,44,20,20,0,45.5%,100.0%,91,55,55,0,60.4%,100.0%
1,5382,Bears,Missouri State,Missouri State University,Missouri State,MOSU,BBC,,5382,BBC,Bears,MOSU,Missouri State,55,18,0,0,117,45,45,0,38.5%,100.0%,50,21,21,0,42.0%,100.0%,74,52,52,0,70.3%,100.0%
1,5376,Braves,Alcorn State,Alcorn State University,Alcorn State,ALCN,BBC,,5376,BBC,Braves,ALCN,Alcorn State,49,30,0,0,78,11,11,0,14.1%,100.0%,30,16,16,0,53.3%,100.0%,96,42,42,0,43.8%,100.0%
1,730225152,Cardinals,Incarnate Word,University of the Incarnate Word,Incarnate Word,IW,BBC,,730225152,BBC,Cardinals,IW,Incarnate Word,50,26,0,0,106,35,35,0,33.0%,100.0%,42,24,24,0,57.1%,100.0%,82,50,50,0,61.0%,100.0%
1,730379264,RedHawks,Miami (OH),Miami University (Ohio),Miami (OH),M-OH,BBC,,730379264,BBC,RedHawks,M-OH,Miami (OH),58,30,0,0,138,50,50,0,36.2%,100.0%,45,17,17,0,37.8%,100.0%,117,75,75,0,64.1%,100.0%
1,730350080,Sycamores,Indiana State,Indiana State University,Indiana State,INST,BBC,,730350080,BBC,Sycamores,INST,Indiana State,55,39,0,0,94,31,31,0,33.0%,100.0%,40,23,23,0,57.5%,100.0%,79,47,47,0,59.5%,100.0%
1,4765,Hornets,Alabama State,Alabama State University,Alabama State,ALST,BBC,,4765,BBC,Hornets,ALST,Alabama State,60,50,0,0,153,38,38,0,24.8%,100.0%,48,20,20,0,41.7%,100.0%,138,81,81,0,58.7%,100.0%
1,730225408,Gamecocks,Jacksonville State,Jacksonville State University,Jacksonville State,JVST,BBC,,730225408,BBC,Gamecocks,JVST,Jacksonville State,61,27,0,0,108,43,43,0,39.8%,100.0%,40,15,15,0,37.5%,100.0%,93,55,55,0,59.1%,100.0%
1,730172928,Terrapins,Maryland,University of Maryland-College Park,Maryland,MD,BBC,,730172928,BBC,Terrapins,MD,Maryland,56,36,0,0,105,32,32,0,30.5%,100.0%,43,13,13,0,30.2%,100.0%,84,44,44,0,52.4%,100.0%
1,4768,Tigers,Texas Southern,Texas Southern University,Texas Southern,TXSO,BBC,,4768,BBC,Tigers,TXSO,Texas Southern,54,43,0,0,102,28,28,0,27.5%,100.0%,39,23,23,0,59.0%,100.0%,103,62,62,0,60.2%,100.0%
1,730360064,Jayhawks,Kansas,University of Kansas,Kansas,KU,BBC,,730360064,BBC,Jayhawks,KU,Kansas,60,27,0,0,120,35,35,0,29.2%,100.0%,50,21,21,0,42.0%,100.0%,77,46,46,0,59.7%,100.0%
1,730256640,Knights,Central Florida,University of Central Florida,Central Florida,UCF,BBC,,730256640,BBC,Knights,UCF,Central Florida,55,33,0,0,126,48,48,0,38.1%,100.0%,43,19,19,0,44.2%,100.0%,108,68,68,0,63.0%,100.0%
1,730270464,Wildcats,Kansas State,Kansas State University,Kansas State,KSU,BBC,,730270464,BBC,Wildcats,KSU,Kansas State,58,32,0,0,106,39,39,0,36.8%,100.0%,39,14,14,0,35.9%,100.0%,73,45,45,0,61.6%,100.0%
1,730235648,Mavericks,Omaha,University of Nebraska-Omaha,Omaha,NEOM,BBC,,730235648,BBC,Mavericks,NEOM,Omaha,50,25,0,0,108,37,37,0,34.3%,100.0%,25,12,12,0,48.0%,100.0%,82,49,49,0,59.8%,100.0%
1,730240512,Bears,Mercer,Mercer University,Mercer,MER,BBC,,730240512,BBC,Bears,MER,Mercer,60,29,0,0,98,27,27,0,27.6%,100.0%,36,17,17,0,47.2%,100.0%,86,42,42,0,48.8%,100.0%
1,730307072,Bisons,Lipscomb,Lipscomb University,Lipscomb,LIP,BBC,,730307072,BBC,Bisons,LIP,Lipscomb,55,38,0,0,116,38,38,0,32.8%,100.0%,26,11,11,0,42.3%,100.0%,85,52,52,0,61.2%,100.0%
1,730333184,Mountain Hawks,Lehigh,Lehigh University,Lehigh,LEH,BBC,,730333184,BBC,Mountain Hawks,LEH,Lehigh,50,37,0,0,84,32,32,0,38.1%,100.0%,36,15,15,0,41.7%,100.0%,83,50,50,0,60.2%,100.0%
1,730373376,Demon Deacons,Wake Forest,Wake Forest University,Wake Forest,WAKE,BBC,,730373376,BBC,Demon Deacons,WAKE,Wake Forest,61,23,0,0,132,38,38,0,28.8%,100.0%,54,17,17,0,31.5%,100.0%,99,59,59,0,59.6%,100.0%
1,730224128,49ers,Long Beach State,Long Beach State University,Long Beach State,LBSU,BBC,,730224128,BBC,49ers,LBSU,Long Beach State,53,25,0,0,101,26,26,0,25.7%,100.0%,27,11,11,0,40.7%,100.0%,80,44,44,0,55.0%,100.0%
1,730281728,Highlanders,UC Riverside,UC Riverside,UC Riverside,UCRV,BBC,,730281728,BBC,Highlanders,UCRV,UC Riverside,52,37,0,0,96,24,24,0,25.0%,100.0%,31,11,11,0,35.5%,100.0%,75,37,37,0,49.3%,100.0%
1,225,Fighting Irish,Notre Dame,University of Notre Dame,Notre Dame,ND,BBC,,225,BBC,Fighting Irish,ND,Notre Dame,53,32,0,0,96,28,28,0,29.2%,100.0%,29,12,12,0,41.4%,100.0%,70,50,50,0,71.4%,100.0%
1,2352,Owls,Rice,Rice University,Rice,RICE,BBC,,2352,BBC,Owls,RICE,Rice,57,25,0,0,100,38,38,0,38.0%,100.0%,28,13,13,0,46.4%,100.0%,68,34,34,0,50.0%,100.0%
1,3090,Monarchs,Old Dominion,Old Dominion University,Old Dominion,ODU,BBC,,3090,BBC,Monarchs,ODU,Old Dominion,53,23,0,0,92,25,25,0,27.2%,100.0%,37,16,16,0,43.2%,100.0%,67,43,43,0,64.2%,100.0%
1,730157824,Huskies,Houston Christian,Houston Christian University,Houston Christian,HCU,BBC,,730157824,BBC,Huskies,HCU,Houston Christian,57,40,0,0,118,33,33,0,28.0%,100.0%,33,18,18,0,54.5%,100.0%,90,62,62,0,68.9%,100.0%
1,1551,Spartans,Michigan State,Michigan State University,Michigan State,MSU,BBC,,1551,BBC,Spartans,MSU,Michigan State,55,35,0,0,73,27,27,0,37.0%,100.0%,32,17,17,0,53.1%,100.0%,79,49,49,0,62.0%,100.0%
1,730174976,Broncs,Rider,Rider University,Rider,RID,BBC,,730174976,BBC,Broncs,RID,Rider,52,57,0,0,119,42,42,0,35.3%,100.0%,35,12,12,0,34.3%,100.0%,78,52,52,0,66.7%,100.0%
1,730194176,Eagles,Coppin State,Coppin State University,Coppin State,COPP,BBC,,730194176,BBC,Eagles,COPP,Coppin State,49,31,0,0,93,16,16,0,17.2%,100.0%,24,7,7,0,29.2%,100.0%,89,43,43,0,48.3%,100.0%
1,730289152,Hawks,Maryland Eastern Shore,University of Maryland Eastern Shore,Maryland Eastern Shore,UMES,BBC,,730289152,BBC,Hawks,UMES,Maryland Eastern Shore,48,33,0,0,92,19,19,0,20.7%,100.0%,24,8,8,0,33.3%,100.0%,73,45,45,0,61.6%,100.0%
1,730352896,Sharks,LIU Brooklyn,Long Island University-Brooklyn,LIU Brooklyn,LIU,BBC,,730352896,BBC,Sharks,LIU,LIU Brooklyn,58,48,0,0,103,30,30,0,29.1%,100.0%,35,11,11,0,31.4%,100.0%,94,53,53,0,56.4%,100.0%
1,730373120,Roadrunners,UTSA,UTSA,UTSA,UTSA,BBC,,730373120,BBC,Roadrunners,UTSA,UTSA,62,40,0,0,162,50,50,0,30.9%,100.0%,54,26,26,0,48.1%,100.0%,119,75,75,0,63.0%,100.0%
1,730295552,Warriors,Merrimack,Merrimack College,Merrimack,MRMK,BBC,,730295552,BBC,Warriors,MRMK,Merrimack,51,36,0,0,72,12,12,0,16.7%,100.0%,25,7,7,0,28.0%,100.0%,63,28,28,0,44.4%,100.0%
1,730313216,Highlanders,NJIT,New Jersey Institute of Technology,NJIT,NJIT,BBC,,730313216,BBC,Highlanders,NJIT,NJIT,53,38,0,0,97,23,23,0,23.7%,100.0%,49,22,22,0,44.9%,100.0%,91,51,51,0,56.0%,100.0%
1,730166272,Golden Eagles,Tennessee Tech,Tennessee Technological University,Tennessee Tech,TNTC,BBC,,730166272,BBC,Golden Eagles,TNTC,Tennessee Tech,57,32,0,0,116,27,27,0,23.3%,100.0%,39,18,18,0,46.2%,100.0%,96,63,63,0,65.6%,100.0%
1,730266624,Lions,North Alabama,University of North Alabama,North Alabama,UNA,BBC,,730266624,BBC,Lions,UNA,North Alabama,55,33,0,0,87,16,16,0,18.4%,100.0%,38,15,15,0,39.5%,100.0%,76,43,43,0,56.6%,100.0%
1,730343168,Bison,North Dakota State,North Dakota State University,North Dakota State,NDSU,BBC,,730343168,BBC,Bison,NDSU,North Dakota State,55,21,0,0,108,41,41,0,38.0%,100.0%,18,8,8,0,44.4%,100.0%,71,52,52,0,73.2%,100.0%
1,730322176,Lindenwood,Lindenwood,Lindenwood University,Lindenwood,LU,BBC,,730322176,BBC,Lindenwood,LU,Lindenwood,60,52,0,0,107,26,26,0,24.3%,100.0%,40,22,22,0,55.0%,100.0%,96,60,60,0,62.5%,100.0%
1,4164,Hawks,Monmouth,Monmouth University,Monmouth,MONM,BBC,,4164,BBC,Hawks,MONM,Monmouth,54,44,0,0,102,41,41,0,40.2%,100.0%,40,20,20,0,50.0%,100.0%,89,46,46,0,51.7%,100.0%
1,730200320,Tommies,University of St. Thomas (Minn.),University of St. Thomas (Minn.),University of St. Thomas (Minn.),UOST,BBC,,730200320,BBC,Tommies,UOST,University of St. Thomas (Minn.),50,32,0,0,102,40,40,0,39.2%,100.0%,36,16,16,0,44.4%,100.0%,97,56,56,0,57.7%,100.0%
1,730218496,Aztecs,San Diego State,San Diego State University,San Diego State,SDSU,BBC,,730218496,BBC,Aztecs,SDSU,San Diego State,59,39,0,0,126,32,32,0,25.4%,100.0%,38,18,18,0,47.4%,100.0%,104,62,62,0,59.6%,100.0%
1,5380,Privateers,New Orleans,University of New Orleans,New Orleans,UNO,BBC,,5380,BBC,Privateers,UNO,New Orleans,54,39,0,0,115,30,30,0,26.1%,100.0%,37,17,17,0,45.9%,100.0%,77,47,47,0,61.0%,100.0%
1,4764,Islanders,Texas A&M-Corpus Christi,Texas A&M-Corpus Christi,Texas A&M-Corpus Christi,AMCC,BBC,,4764,BBC,Islanders,AMCC,Texas A&M-Corpus Christi,52,48,0,0,98,23,23,0,23.5%,100.0%,22,13,13,0,59.1%,100.0%,79,41,41,0,51.9%,100.0%
1,730354176,Green Wave,Tulane,Tulane University,Tulane,TULN,BBC,,730354176,BBC,Green Wave,TULN,Tulane,58,28,0,0,116,42,42,0,36.2%,100.0%,45,22,22,0,48.9%,100.0%,84,52,52,0,61.9%,100.0%
1,3904,Spartans,Norfolk State,Norfolk State University,Norfolk State,NORF,BBC,,3904,BBC,Spartans,NORF,Norfolk State,42,25,0,0,80,21,21,0,26.3%,100.0%,23,5,5,0,21.7%,100.0%,57,35,35,0,61.4%,100.0%
1,730149888,Peacocks,Saint Peter's,Saint Peter's University,Saint Peter's,SPC,BBC,,730149888,BBC,Peacocks,SPC,Saint Peter's,48,32,0,0,101,19,19,0,18.8%,100.0%,39,22,22,0,56.4%,100.0%,96,59,59,0,61.5%,100.0%
1,730192640,Seahawks,Wagner,Wagner College,Wagner,WAG,BBC,,730192640,BBC,Seahawks,WAG,Wagner,53,28,0,0,128,44,44,0,34.4%,100.0%,55,18,18,0,32.7%,100.0%,103,59,59,0,57.3%,100.0%
1,5327,Mountaineers,West Virginia,West Virginia University,West Virginia,WVU,BBC,,5327,BBC,Mountaineers,WVU,West Virginia,60,33,0,0,132,48,48,0,36.4%,100.0%,47,24,24,0,51.1%,100.0%,109,70,70,0,64.2%,100.0%
1,730318336,Tigers,Towson,Towson University,Towson,TOWS,BBC,,730318336,BBC,Tigers,TOWS,Towson,56,27,0,0,96,24,24,0,25.0%,100.0%,31,15,15,0,48.4%,100.0%,81,47,47,0,58.0%,100.0%
1,730286592,Bears,Northern Colorado,University of Northern Colorado,Northern Colorado,UNCO,BBC,,730286592,BBC,Bears,UNCO,Northern Colorado,51,41,0,0,124,39,39,0,31.5%,100.0%,46,19,19,0,41.3%,100.0%,76,50,50,0,65.8%,100.0%
1,730296832,Ospreys,North Florida,University of North Florida,North Florida,UNF,BBC,,730296832,BBC,Ospreys,UNF,North Florida,56,31,0,0,99,37,37,0,37.4%,100.0%,30,14,14,0,46.7%,100.0%,78,45,45,0,57.7%,100.0%
1,730255872,Demons,Northwestern State,Northwestern State University,Northwestern State,NWST,BBC,,730255872,BBC,Demons,NWST,Northwestern State,56,33,0,0,107,17,17,0,15.9%,100.0%,29,10,10,0,34.5%,100.0%,94,57,57,0,60.6%,100.0%
1,5036,Panthers,Milwaukee,University of Wisconsin-Milwaukee,Milwaukee,MILW,BBC,,5036,BBC,Panthers,MILW,Milwaukee,59,33,0,0,102,29,29,0,28.4%,100.0%,42,18,18,0,42.9%,100.0%,84,46,46,0,54.8%,100.0%
1,730284544,Penguins,Youngstown State,Youngstown State University,Youngstown State,YSU,BBC,,730284544,BBC,Penguins,YSU,Youngstown State,57,28,0,0,101,29,29,0,28.7%,100.0%,40,14,14,0,35.0%,100.0%,73,42,42,0,57.5%,100.0%
1,5390,Raiders,Wright State,Wright State University,Wright State,WRST,BBC,,5390,BBC,Raiders,WRST,Wright State,61,35,0,0,102,39,39,0,38.2%,100.0%,43,20,20,0,46.5%,100.0%,105,55,55,0,52.4%,100.0%
1,5048,Bruins,UCLA,UCLA,UCLA,UCLA,BBC,,5048,BBC,Bruins,UCLA,UCLA,66,34,0,0,149,56,56,0,37.6%,100.0%,50,19,19,0,38.0%,100.0%,108,68,68,0,63.0%,100.0%
1,4807,Ducks,Oregon,University of Oregon,Oregon,ORE,BBC,,4807,BBC,Ducks,ORE,Oregon,58,25,0,0,108,39,39,0,36.1%,100.0%,44,11,11,0,25.0%,100.0%,83,50,50,0,60.2%,100.0%
1,730328320,Utes,Utah,University of Utah,Utah,UTAH,BBC,,730328320,BBC,Utes,UTAH,Utah,50,22,0,0,101,35,35,0,34.7%,100.0%,34,8,8,0,23.5%,100.0%,98,62,62,0,63.3%,100.0%
1,730165248,Broncos,Western Michigan,Western Michigan University,Western Michigan,WMU,BBC,,730165248,BBC,Broncos,WMU,Western Michigan,51,34,0,0,97,36,36,0,37.1%,100.0%,25,7,7,0,28.0%,100.0%,97,61,61,0,62.9%,100.0%
1,730360320,Pilots,Portland,University of Portland,Portland,PORT,BBC,,730360320,BBC,Pilots,PORT,Portland,52,26,0,0,105,28,28,0,26.7%,100.0%,40,14,14,0,35.0%,100.0%,88,54,54,0,61.4%,100.0%
1,730173440,Keydets,VMI,Virginia Military Institute,VMI,VMI,BBC,,730173440,BBC,Keydets,VMI,VMI,53,39,0,0,91,32,32,0,35.2%,100.0%,27,12,12,0,44.4%,100.0%,101,50,50,0,49.5%,100.0%
1,730365696,Dons,San Francisco,University of San Francisco,San Francisco,SF,BBC,,730365696,BBC,Dons,SF,San Francisco,56,24,0,0,107,26,26,0,24.3%,100.0%,36,18,18,0,50.0%,100.0%,79,46,46,0,58.2%,100.0%
1,5320,Toreros,San Diego,University of San Diego,San Diego,USD,BBC,,5320,BBC,Toreros,USD,San Diego,58,41,0,0,114,43,43,0,37.7%,100.0%,44,23,23,0,52.3%,100.0%,84,44,44,0,52.4%,100.0%
1,730288896,Gaels,Saint Mary's,Saint Mary's College (CA),Saint Mary's,SMC,BBC,,730288896,BBC,Gaels,SMC,Saint Mary's,62,38,0,0,125,47,47,0,37.6%,100.0%,37,16,16,0,43.2%,100.0%,109,76,76,0,69.7%,100.0%
1,730158848,Warriors,Hawaii,"University of Hawaii, Manoa",Hawaii,HAW,BBC,,730158848,BBC,Warriors,HAW,Hawaii,56,25,0,0,123,57,57,0,46.3%,100.0%,30,15,15,0,50.0%,100.0%,103,66,66,0,64.1%,100.0%
1,2292,Bulls,South Florida,University of South Florida,South Florida,USF,BBC,,2292,BBC,Bulls,USF,South Florida,56,26,0,0,112,41,41,0,36.6%,100.0%,36,14,14,0,38.9%,100.0%,89,52,52,0,58.4%,100.0%
1,4505,Cougars,Washington State,Washington State University,Washington State,WSU,BBC,,4505,BBC,Cougars,WSU,Washington State,54,29,0,0,119,41,41,0,34.5%,100.0%,38,22,22,0,57.9%,100.0%,94,58,58,0,61.7%,100.0%
1,730278144,Catamounts,Western Carolina,Western Carolina University,Western Carolina,WCU,BBC,,730278144,BBC,Catamounts,WCU,Western Carolina,58,52,0,0,132,42,42,0,31.8%,100.0%,59,18,18,0,30.5%,100.0%,104,60,60,0,57.7%,100.0%
1,3110,Huskies,Washington,University of Washington,Washington,WASH,BBC,,3110,BBC,Huskies,WASH,Washington,57,26,0,0,83,22,22,0,26.5%,100.0%,35,16,16,0,45.7%,100.0%,76,37,37,0,48.7%,100.0%
1,5046,Commodores,Vanderbilt,Vanderbilt University,Vanderbilt,VAN,BBC,,5046,BBC,Commodores,VAN,Vanderbilt,61,35,0,0,94,38,38,0,40.4%,100.0%,35,14,14,0,40.0%,100.0%,90,61,61,0,67.8%,100.0%
1,730294784,Eagles,Winthrop,Winthrop University,Winthrop,WIN,BBC,,730294784,BBC,Eagles,WIN,Winthrop,60,50,0,0,135,48,48,0,35.6%,100.0%,55,36,36,0,65.5%,100.0%,112,66,66,0,58.9%,100.0%
1,5377,Golden Lions,Arkansas-Pine Bluff,University of Arkansas-Pine Bluff,Arkansas-Pine Bluff,ARPB,BBC,,5377,BBC,Golden Lions,ARPB,Arkansas-Pine Bluff,53,61,0,0,118,46,46,0,39.0%,100.0%,32,17,17,0,53.1%,100.0%,93,50,50,0,53.8%,100.0%
1,730271744,Panthers,Eastern Illinois,Eastern Illinois University,Eastern Illinois,EIU,BBC,,730271744,BBC,Panthers,EIU,Eastern Illinois,53,53,0,0,102,27,27,0,26.5%,100.0%,42,14,14,0,33.3%,100.0%,117,70,70,0,59.8%,100.0%
1,730168576,Redhawks,Southeast Missouri State,Southeast Missouri State University,Southeast Missouri State,SEMO,BBC,,730168576,BBC,Redhawks,SEMO,Southeast Missouri State,55,38,0,0,102,38,38,0,37.3%,100.0%,34,13,13,0,38.2%,100.0%,95,59,59,0,62.1%,100.0%
1,730242048,Gaels,Iona,Iona College,Iona,IONA,BBC,,730242048,BBC,Gaels,IONA,Iona,52,40,0,0,118,26,26,0,22.0%,100.0%,35,18,18,0,51.4%,100.0%,94,47,47,0,50.0%,100.0%
1,730306816,Blue Devils,Central Connecticut State,Central Connecticut State University,Central Connecticut State,CCSU,BBC,,730306816,BBC,Blue Devils,CCSU,Central Connecticut State,48,35,0,0,123,43,43,0,35.0%,100.0%,52,26,26,0,50.0%,100.0%,107,64,64,0,59.8%,100.0%
1,2291,Billikens,St. Louis,Saint Louis University,St. Louis,SLU,BBC,,2291,BBC,Billikens,SLU,St. Louis,59,30,0,0,110,41,41,0,37.3%,100.0%,41,20,20,0,48.8%,100.0%,91,59,59,0,64.8%,100.0%
1,226,Bulldogs,Georgia,University of Georgia,Georgia,UGA,BBC,,226,BBC,Bulldogs,UGA,Georgia,60,18,0,0,101,37,37,0,36.6%,100.0%,43,21,21,0,48.8%,100.0%,72,46,46,0,63.9%,100.0%
1,730315008,Golden Flashes,Kent State,Kent State University,Kent State,KENT,BBC,,730315008,BBC,Golden Flashes,KENT,Kent State,56,41,0,0,120,46,46,0,38.3%,100.0%,46,25,25,0,54.3%,100.0%,115,75,75,0,65.2%,100.0%
1,730196224,Lakers,Mercyhurst,Mercyhurst College,Mercyhurst,MCYH,BBC,,730196224,BBC,Lakers,MCYH,Mercyhurst,52,34,0,0,83,21,21,0,25.3%,100.0%,25,7,7,0,28.0%,100.0%,64,35,35,0,54.7%,100.0%
1,730308864,Wolves,West Georgia,University of West Georgia,West Georgia,UOWG,BBC,,730308864,BBC,Wolves,UOWG,West Georgia,51,34,0,0,89,28,28,0,31.5%,100.0%,26,10,10,0,38.5%,100.0%,66,30,30,0,45.5%,100.0%
