Rank,playerId,abbrevName,playerFullName,player,playerFirstName,pos,newestTeamName,newestTeamAbbrevName,newestTeamId,newestTeamLocation,newestTeamLevel,batsHand,throwsHand,GS,CG,SHO,NH,NH6+,NH7+,NH8+,PG,PG6+,PG7+,PG8+,NHIP,PGIP
1,1093142784,G. Wood,Gage Wood,Wood,Gage,P,University of Arkansas,ARK,3375,Arkansas,BBC,R,R,10,1,1,1,1,1,1,0,1,1,0,9.0,7.0
1,1123967488,B. Bak,Brandon Bak,Bak,Brandon,P,University of Illinois-Chicago,UIC,5379,Illinois-Chicago,BBC,L,L,11,1,1,1,1,1,0,0,0,0,0,7.0,1.2
1,1310530560,J. Core,Joel Core,Core,Joel,P,Bethune-Cookman University,COOK,730152960,Bethune-Cookman,BBC,R,R,14,1,0,1,1,1,0,0,0,0,0,7.0,2.0
1,1302032384,J. Weaver,Jacob Weaver,Weaver,Jacob,P,Austin Peay State University,PEAY,730219520,Austin Peay,BBC,R,R,15,2,1,1,1,1,0,0,0,0,0,7.0,3.0
1,1229631744,R. Rembisz,Ryan Rembisz,Rembisz,Ryan,P,University of Portland,PORT,730360320,Portland,BBC,L,L,12,1,1,1,1,1,1,1,1,1,1,9.0,9.0
1,1099378432,B. Gillespie,Blake Gillespie,Gillespie,Blake,P,UNC Charlotte,CHAR,730214400,Charlotte,BBC,S,R,15,3,2,1,1,1,1,0,0,0,0,9.0,3.2
1,1986499481,D. Horn,Drew Horn,Horn,Drew,P,Middle Tennessee State University,MTU,730158336,Middle Tennessee State,BBC,R,R,8,1,1,1,1,1,1,0,0,0,0,9.0,1.1
1,1097108340,C. Bagwell,Cam Bagwell,Bagwell,Cam,P,UNC Wilmington,UNCW,730229504,UNC Wilmington,BBC,R,R,15,2,2,1,1,1,0,0,1,1,0,7.0,7.0
1,1692575936,L. Glidewell,Lyndon Glidewell,Glidewell,Lyndon,P,Austin Peay State University,PEAY,730219520,Austin Peay,BBC,R,R,13,1,1,1,1,1,0,0,0,0,0,7.0,2.0
1,1842166743,Z. Brown,Zane Brown,Brown,Zane,P,Belmont University,BEL,730190336,Belmont,BBC,R,R,9,1,1,1,1,1,1,0,0,0,0,9.0,1.1
1,1795608420,T. Carey,Tate Carey,Carey,Tate,P,University of Michigan,MICH,2290,Michigan,BBC,R,R,7,1,1,1,1,1,0,0,1,0,0,7.0,6.0
12,1292523520,W. Tobin,Will Tobin,Tobin,Will,P,University of Pennsylvania,PENN,730292224,Pennsylvania,BBC,L,L,11,0,0,0,0,0,0,0,0,0,0,5.0,1.2
12,1310868737,C. McGarrh,Cade McGarrh,McGarrh,Cade,P,Abilene Christian University,AC,730375936,Abilene Christian,BBC,L,R,15,0,0,0,0,0,0,0,0,0,0,1.2,1.2
12,1087364096,B. Lanman,Brett Lanman,Lanman,Brett,P,Abilene Christian University,AC,730375936,Abilene Christian,BBC,L,L,15,1,0,0,1,0,0,0,0,0,0,6.0,3.1
12,1216329728,N. Robb,Nicholas Robb,Robb,Nicholas,P,University of Texas-Arlington,UTA,5324,UT Arlington,BBC,R,R,15,0,0,0,0,0,0,0,0,0,0,4.1,3.0
12,1279533312,C. Dygert,Caylon Dygert,Dygert,Caylon,P,University of Texas-Arlington,UTA,5324,UT Arlington,BBC,R,R,15,0,0,0,0,0,0,0,0,0,0,2.1,2.1
12,1304813312,A. Rudd,Andrew Rudd,Rudd,Andrew,P,California Baptist University,CBU,5091,California Baptist,BBC,R,R,7,0,0,0,0,0,0,0,0,0,0,4.0,2.0
12,1312932352,C. New,Cody New,New,Cody,P,California Baptist University,CBU,5091,California Baptist,BBC,L,L,15,0,0,0,0,0,0,0,0,0,0,5.1,2.0
12,1341316352,R. Kittredge,Ryan Kittredge,Kittredge,Ryan,P,California Baptist University,CBU,5091,California Baptist,BBC,R,R,11,0,0,0,0,0,0,0,0,0,0,4.2,2.0
12,1311052288,D. Rogers,Dylan Rogers,Rogers,Dylan,P,Air Force Academy,AFA,730205440,Air Force,BBC,R,R,9,0,0,0,0,0,0,0,0,0,0,2.1,2.1
12,1231526144,C. Burfield,Casey Burfield,Burfield,Casey,P,University of Nevada,NEV,4784,Nevada,BBC,R,R,14,1,0,0,0,0,0,0,0,0,0,4.2,2.1
12,1153300736,J. Anker,Jack Anker,Anker,Jack,P,Fresno State,FRES,730384384,Fresno State,BBC,R,R,16,0,0,0,0,0,0,0,0,0,0,4.0,1.2
12,1238171904,A. Cremarosa,Aidan Cremarosa,Cremarosa,Aidan,P,Fresno State,FRES,730384384,Fresno State,BBC,R,R,17,1,1,0,0,0,0,0,0,0,0,3.2,3.2
12,1260755712,B. Weber,Ben Weber,Weber,Ben,P,Xavier University,XAV,5464,Xavier,BBC,R,R,12,1,0,0,0,0,0,0,0,0,0,3.2,2.0
12,1162026752,Z. Adams,Zane Adams,Adams,Zane,P,University of Alabama,ALA,730206976,Alabama,BBC,L,L,14,1,0,0,0,0,0,0,0,0,0,3.0,3.0
12,1297342720,R. Prager,Ryan Prager,Prager,Ryan,P,Texas A&M University,TXAM,3032,Texas A&M,BBC,L,L,15,1,1,0,0,0,0,0,0,0,0,3.1,2.0
12,1181533440,J. Lamkin,Justin Lamkin,Lamkin,Justin,P,Texas A&M University,TXAM,3032,Texas A&M,BBC,R,L,15,1,1,0,0,0,0,0,0,0,0,2.2,2.1
12,1132735744,C. Ingram,Chase Ingram,Ingram,Chase,P,UAB,UAB,730345984,UAB,BBC,R,R,11,1,0,0,0,0,0,0,0,0,0,2.0,1.2
12,1269627392,B. Hamilton,Brady Hamilton,Hamilton,Brady,P,Wichita State University,WICH,730203904,Wichita State,BBC,R,R,16,0,0,0,0,0,0,0,0,0,0,4.2,2.0
12,1176124160,T. LaPour,Tommy LaPour,LaPour,Tommy,P,Texas Christian University,TCU,5045,TCU,BBC,R,R,16,0,0,0,1,1,0,0,0,0,0,7.0,4.1
12,1258111488,C. Daniel,Colin Daniel,Daniel,Colin,P,UAB,UAB,730345984,UAB,BBC,R,R,14,2,1,0,0,0,0,0,0,0,0,5.0,2.1
12,1202725632,G. Miller,Griffin Miller,Miller,Griffin,P,Marshall University,MRSH,730333696,Marshall,BBC,R,R,15,1,0,0,1,0,0,0,0,0,0,6.0,1.0
12,1246857984,B. Jacobs,Ben Jacobs,Jacobs,Ben,P,Arizona State University,ASU,5035,Arizona State,BBC,L,L,16,0,0,0,0,0,0,0,0,0,0,5.2,5.2
12,1297349632,M. Scott,Matt Scott,Scott,Matt,P,Stanford University,STAN,730251264,Stanford,BBC,R,R,11,0,0,0,0,0,0,0,0,0,0,3.0,3.0
12,1311020288,J. Volchko,Joey Volchko,Volchko,Joey,P,Stanford University,STAN,730251264,Stanford,BBC,R,R,15,0,0,0,0,0,0,0,0,0,0,3.0,3.0
12,1152936192,I. Lyon,Isaac Lyon,Lyon,Isaac,P,Grand Canyon University,GC,5310,Grand Canyon,BBC,R,R,15,1,1,0,0,0,0,0,0,0,0,1.2,1.1
12,1153452544,J. Logar,Jackson Logar,Logar,Jackson,P,James Madison University,JMU,730340096,James Madison,BBC,R,R,14,0,0,0,0,0,0,0,0,0,0,3.1,1.1
12,1279325440,G. Gaeckle,Gabe Gaeckle,Gaeckle,Gabe,P,University of Arkansas,ARK,3375,Arkansas,BBC,R,R,9,0,0,0,0,0,0,0,0,0,0,3.2,2.0
12,1243621888,R. Maddox,Riley Maddox,Maddox,Riley,P,University of Mississippi,MISS,5322,Ole Miss,BBC,R,R,16,0,0,0,0,0,0,0,0,0,0,1.2,1.1
12,1255285248,J. Phillips,Jacob Phillips,Phillips,Jacob,P,Georgia Southern University,GASO,730331648,Georgia Southern,BBC,L,L,2,0,0,0,0,0,0,0,0,0,0,1.0,1.0
12,1110073856,S. Garner,Seth Garner,Garner,Seth,P,University of Memphis,MEM,730172160,Memphis,BBC,R,R,14,0,0,0,0,0,0,0,0,0,0,2.1,2.1
12,1195514368,J. Cline,Jack Cline,Cline,Jack,P,Little Rock,UALR,730217472,Little Rock,BBC,R,R,16,1,0,0,0,0,0,0,0,0,0,4.2,4.2
12,1207489536,C. Monke,Carter Monke,Monke,Carter,P,Illinois State University,ILST,730258944,Illinois State,BBC,R,R,12,0,0,0,0,0,0,0,0,0,0,2.1,2.1
12,1176352256,J. Lehman,Justin Lehman,Lehman,Justin,TWP,Army West Point,ARMY,4744,Army,BBC,L,R,13,1,0,0,0,0,0,0,0,0,0,2.1,1.1
12,1093040640,T. O'Neill,Tyler O'Neill,O'Neill,Tyler,P,Bucknell University,BUCK,730214144,Bucknell,BBC,R,R,12,3,0,0,0,0,0,0,0,0,0,3.2,3.2
12,1099159040,N. Lawson,Nathan Lawson,Lawson,Nathan,P,Eastern Kentucky University,EKY,5417,Eastern Kentucky,BBC,R,R,3,0,0,0,0,0,0,0,0,0,0,2.0,2.0
12,1196798720,C. Keshock,Cameron Keshock,Keshock,Cameron,P,Samford University,SAM,730386432,Samford,BBC,R,R,14,0,0,0,0,0,0,0,0,0,0,4.0,2.2
12,1311044608,M. Riggins,Miller Riggins,Riggins,Miller,P,Samford University,SAM,730386432,Samford,BBC,L,L,15,1,1,0,0,0,0,0,0,0,0,5.0,2.1
12,1085416704,L. Doyle,Liam Doyle,Doyle,Liam,P,University of Tennessee,TENN,730153728,Tennessee,BBC,R,L,17,0,0,0,1,0,0,0,0,0,0,6.0,3.0
12,1162031104,W. Mendes,Wes Mendes,Mendes,Wes,P,Florida State University,FSU,101,Florida State,BBC,L,L,16,0,0,0,0,0,0,0,0,0,0,3.2,3.0
12,1162317568,K. Johnson,Keegan Johnson,Johnson,Keegan,P,Ball State University,BALL,730195456,Ball State,BBC,L,L,14,0,0,0,0,0,0,0,0,0,0,2.1,2.1
12,1334328832,J. Hartlaub,Jacob Hartlaub,Hartlaub,Jacob,P,Ball State University,BALL,730195456,Ball State,BBC,R,R,15,0,0,0,0,0,0,0,0,0,0,5.1,4.1
12,1200236800,H. Boncal,Hudson Boncal,Boncal,Hudson,P,Ohio University,OHIO,730298368,Ohio,BBC,R,R,11,1,0,0,0,0,0,0,0,0,0,2.1,2.1
12,1281884928,B. Gaskey,Blake Gaskey,Gaskey,Blake,P,Ohio University,OHIO,730298368,Ohio,BBC,L,R,14,0,0,0,0,0,0,0,0,0,0,3.1,1.0
12,1227026689,E. Calder,Ethan Calder,Calder,Ethan,P,Baylor University,BAY,3033,Baylor,BBC,L,L,15,0,0,0,0,0,0,0,0,0,0,2.0,1.2
12,1119214592,J. Elizondo,Jackson Elizondo,Elizondo,Jackson,P,University of the Incarnate Word,IW,730225152,Incarnate Word,BBC,R,L,10,0,0,0,0,0,0,0,0,0,0,1.2,1.1
12,1281260544,P. Havard,Peyton Havard,Havard,Peyton,P,Lamar University,LAM,730162432,Lamar,BBC,R,R,5,0,0,0,0,0,0,0,0,0,0,1.1,1.1
12,1310946560,C. Benson,Chandler Benson,Benson,Chandler,P,Abilene Christian University,AC,730375936,Abilene Christian,BBC,L,L,4,1,1,0,0,0,0,0,0,0,0,1.2,1.2
12,1237056000,T. Boccabello,Tanner Boccabello,Boccabello,Tanner,P,Bethune-Cookman University,COOK,730152960,Bethune-Cookman,BBC,R,R,11,2,0,0,0,0,0,0,0,0,0,2.1,2.1
12,1243071232,B. Haston,Brandon Haston,Haston,Brandon,P,Jackson State University,JKST,730378240,Jackson State,BBC,L,L,13,1,1,0,0,0,0,0,0,0,0,3.2,1.2
12,1099400192,H. Tarsia,Hayden Tarsia,Tarsia,Hayden,P,Binghamton University,BING,730155776,Binghamton,BBC,R,R,12,1,0,0,0,0,0,0,0,0,0,3.1,2.0
12,1210662144,M. Mariano,Matthew Mariano,Mariano,Matthew,P,University at Albany,ALBY,730280448,Albany,BBC,R,R,3,0,0,0,0,0,0,0,0,0,0,0.2,0.2
12,1310848000,N. Remy,Nick Remy,Remy,Nick,P,UMBC,UMBC,730210304,UMBC,BBC,R,R,3,0,0,0,0,0,0,0,0,0,0,1.1,1.0
12,1162245632,J. Arnold,Jamie Arnold,Arnold,Jamie,P,Florida State University,FSU,101,Florida State,BBC,L,L,15,0,0,0,0,0,0,0,0,0,0,4.2,4.2
12,1258115584,A. Colarusso,A.J. Colarusso,Colarusso,A.J.,P,Boston College,BC,227,Boston College,BBC,L,L,15,0,0,0,0,0,0,0,0,0,0,4.1,3.2
12,1204946432,P. Forbes,Patrick Forbes,Forbes,Patrick,P,University of Louisville,LOU,5467,Louisville,BBC,R,R,15,0,0,0,0,0,0,0,0,0,0,3.2,2.0
12,1090704384,J. Turner,Jacob Turner,Turner,Jacob,P,Bowling Green State University,BGSU,730189056,Bowling Green,BBC,R,R,13,0,0,0,0,0,0,0,0,0,0,4.1,3.2
12,1317943808,R. Ramos,Rigo Ramos,Ramos,Rigo,P,Lipscomb University,LIP,730307072,Lipscomb,BBC,L,L,15,0,0,0,0,0,0,0,0,0,0,2.1,2.1
12,1155642112,N. Deschryver,Nate Deschryver,Deschryver,Nathan,P,New Jersey Institute of Technology,NJIT,730313216,NJIT,BBC,R,R,10,0,0,0,0,0,0,0,0,0,0,3.1,0.2
12,1275960320,F. OBrien,Finbar O'Brien,OBrien,Finbar,P,Gonzaga University,GONZ,730200832,Gonzaga,BBC,L,R,11,0,0,0,0,0,0,0,0,0,0,5.1,4.0
12,1300599553,J. Feld,Justin Feld,Feld,Justin,P,Gonzaga University,GONZ,730200832,Gonzaga,BBC,R,R,11,0,0,0,0,0,0,0,0,0,0,5.2,1.1
12,1100119040,P. Gubler,Payton Gubler,Gubler,Payton,P,Brigham Young University,BYU,730257152,BYU,BBC,R,R,9,0,0,0,0,0,0,0,0,0,0,5.2,3.1
12,1100149248,P. Schmitz,Paul Schmitz,Schmitz,Paul,P,University of Houston,HOU,3030,Houston,BBC,R,R,14,0,0,0,0,0,0,0,0,0,0,3.1,3.0
12,1227043072,D. West,Dakoda West,West,Dakoda,P,Utah Tech University,UTU,730318592,Utah Tech,BBC,R,R,12,0,0,0,0,0,0,0,0,0,0,3.1,3.1
12,1238201856,M. Witherspoon,Malachi Witherspoon,Witherspoon,Malachi,P,University of Oklahoma,OKLA,730294528,Oklahoma,BBC,R,R,15,0,0,0,0,0,0,0,0,0,0,2.1,2.1
12,1196801792,G. Hugus,Griffin Hugus,Hugus,Griffin,P,University of Miami,MIA,236,Miami,BBC,L,R,17,2,0,0,0,0,0,0,0,0,0,5.1,1.2
12,1288825344,N. Taylor,Nathan Taylor,Taylor,Nathan,P,University of Cincinnati,CIN,5465,Cincinnati,BBC,L,R,15,0,0,0,0,0,0,0,0,0,0,2.1,2.0
12,1310308608,A. Berg,Andrew Berg,Berg,Andrew,P,Army West Point,ARMY,4744,Army,BBC,R,R,12,2,1,0,0,0,0,0,0,0,0,3.1,2.1
12,1134423040,T. Helmick,Tristan Helmick,Helmick,Tristan,P,Lafayette College,LAF,730217728,Lafayette,BBC,R,R,10,0,0,0,0,0,0,0,0,0,0,1.1,1.0
12,1296842752,G. Naess,Griffin Naess,Naess,Griffin,P,Cal Poly,CP,5487,Cal Poly,BBC,R,R,16,0,0,0,0,0,0,0,0,0,0,4.0,4.0
12,1341830144,D. Gutierrez,Diego Gutierrez,Gutierrez,Diego,P,Cal State-Northridge,CSN,730380032,CSU Northridge,BBC,R,R,14,0,0,0,0,0,0,0,0,0,0,2.2,2.2
12,1263800064,J. Volmerding,Josh Volmerding,Volmerding,Josh,P,Cal Poly,CP,5487,Cal Poly,BBC,L,L,17,0,0,0,1,1,1,0,0,0,0,8.0,2.1
12,1313524992,E. Marmie,Ethan Marmie,Marmie,Ethan,P,Cal Poly,CP,5487,Cal Poly,BBC,R,R,14,0,0,0,0,0,0,0,0,0,0,3.2,3.1
12,1330098688,M. Negrete,Mikiah Negrete,Negrete,Mikiah,P,Cal State Fullerton,CSF,5414,CSU Fullerton,BBC,L,L,15,0,0,0,0,0,0,0,0,0,0,4.0,4.0
12,1327579136,R. Halamicek,Ryan Halamicek,Halamicek,Ryan,P,Cal State-Northridge,CSN,730380032,CSU Northridge,BBC,L,R,10,1,0,0,0,0,0,0,0,0,0,3.2,0.2
12,1263499264,B. Green,Bryan Green,Green,Bryan,P,UC Davis,UCD,730153984,UC Davis,BBC,L,L,15,0,0,0,0,0,0,0,0,0,0,2.1,1.0
12,1210179584,J. Gutierrez,Jacob Gutierrez,Gutierrez,Jacob,P,CSU Bakersfield,CSB,730283008,CSU Bakersfield,BBC,R,R,12,0,0,0,0,0,0,0,0,0,0,2.2,2.1
12,1328895488,K. OConnor,Kellen OConnor,OConnor,Kellen,P,University of Cincinnati,CIN,5465,Cincinnati,BBC,L,L,11,1,0,0,0,0,0,0,0,0,0,3.1,1.1
12,1084209920,R. Reed,Ryan Reed,Reed,Ryan,P,University of Pittsburgh,PITT,5424,Pittsburgh,BBC,L,L,14,0,0,0,0,0,0,0,0,0,0,3.0,3.0
12,1283339776,E. Gibbons,Evan Gibbons,Gibbons,Evan,P,Sacramento State University,SAC,730293760,Sacramento State,BBC,R,R,15,0,0,0,0,0,0,0,0,0,0,2.2,2.1
12,1341380352,R. Martinez,Ryan Martinez,Martinez,Ryan,P,Utah Tech University,UTU,730318592,Utah Tech,BBC,R,R,14,0,0,0,0,0,0,0,0,0,0,2.1,2.1
12,1238278144,R. Bassinger,Reese Bassinger,Bassinger,Reese,P,West Virginia University,WVU,5327,West Virginia,BBC,R,R,0,0,0,0,0,0,0,0,0,0,0,0.0,0.0
12,1143046400,E. Marks,Easton Marks,Marks,Easton,P,Florida International University,FIU,4468,Florida International,BBC,R,R,14,0,0,0,0,0,0,0,0,0,0,5.0,2.0
12,1243499776,N. Isler,Nate Isler,Isler,Nate,P,Dartmouth College,DART,730216192,Dartmouth,BBC,R,R,10,0,0,0,0,0,0,0,0,0,0,3.0,3.0
12,1180787200,A. Roblez,Albert Roblez,Roblez,Albert,P,Long Beach State University,LBSU,730224128,Long Beach State,BBC,R,R,3,0,0,0,0,0,0,0,0,0,0,1.0,0.1
12,1152945664,A. Eyanson,Anthony Eyanson,Eyanson,Anthony,P,Louisiana State University,LSU,5323,Louisiana State,BBC,R,R,18,1,0,0,0,0,0,0,0,0,0,4.0,3.0
12,1090996736,J. Guardado,Jakob Guardado,Guardado,Jakob,TWP,University of the Pacific,PAC,730386944,Pacific,BBC,L,R,8,0,0,0,0,0,0,0,0,0,0,3.1,1.0
12,1239087872,T. Bremner,Tyler Bremner,Bremner,Tyler,P,UC Santa Barbara,UCSB,730364160,UC Santa Barbara,BBC,R,R,14,0,0,0,0,0,0,0,0,0,0,5.0,5.0
12,1225719296,C. Proskey,Calvin Proskey,Proskey,Calvin,P,UC Santa Barbara,UCSB,730364160,UC Santa Barbara,BBC,R,R,13,0,0,0,0,0,0,0,0,0,0,5.0,3.1
12,1117508864,A. Ortiz,Angel Ortiz,Ortiz,Angel,P,North Carolina A&T State University,NCAT,730372352,North Carolina A&T,BBC,R,R,14,0,0,0,0,0,0,0,0,0,0,2.2,1.0
12,1139725824,J. Raab,JT Raab,Raab,JT,P,Georgetown University,GTWN,2330,Georgetown,BBC,R,R,14,0,0,0,0,0,0,0,0,0,0,2.0,1.1
12,1094692864,A. Lyon,Alex Lyon,Lyon,Alex,P,College of Charleston,COFC,730177792,College of Charleston,BBC,R,R,0,0,0,0,0,0,0,0,0,0,0,0.0,0.0
12,1184444416,D. Brooks,Daniel Brooks,Brooks,Daniel,P,College of Charleston,COFC,730177792,College of Charleston,BBC,R,R,14,0,0,0,0,0,0,0,0,0,0,3.0,3.0
12,1094204160,A. Jean,Antoine Jean,Jean,Antoine,P,University of Houston,HOU,3030,Houston,BBC,R,L,0,0,0,0,0,0,0,0,0,0,0,0.0,0.0
12,1296180224,L. Schmidt,Logan Schmidt,Schmidt,Logan,P,Xavier University,XAV,5464,Xavier,BBC,R,R,10,0,0,0,0,0,0,0,0,0,0,4.0,4.0
12,1196854016,A. Knaak,Aidan Knaak,Knaak,Aidan,P,Clemson University,CLEM,730358784,Clemson,BBC,R,R,16,0,0,0,1,1,0,0,0,0,0,7.1,2.2
12,1210149120,S. Pinson,Smith Pinson,Pinson,Smith,P,Kennesaw State University,KENN,730197504,Kennesaw State,BBC,R,R,10,1,1,0,0,0,0,0,0,0,0,3.0,3.0
12,1245880832,J. Duffield,Joseph Duffield,Duffield,Joseph,P,Manhattan College,MAN,730363648,Manhattan,BBC,R,R,13,0,0,0,0,0,0,0,0,0,0,3.2,1.0
12,1157400064,D. Mathiesen,Dylan Mathiesen,Mathiesen,Dylan,P,Liberty University,LIB,730156288,Liberty,BBC,R,R,17,0,0,0,0,0,0,0,0,0,0,5.1,4.0
12,1101382656,J. Miller,Jay Miller,Miller,Jay,P,UNC Greensboro,UNCG,730238720,UNC Greensboro,BBC,R,R,11,0,0,0,0,0,0,0,0,0,0,4.0,3.0
12,1257329152,N. Chapman,Noah Chapman,Chapman,Noah,P,UNC Greensboro,UNCG,730238720,UNC Greensboro,BBC,L,L,7,0,0,0,0,0,0,0,0,0,0,4.2,1.0
12,1292598272,S. Murchison,Sam Murchison,Murchison,Sam,P,UNC Greensboro,UNCG,730238720,UNC Greensboro,BBC,R,R,14,1,1,0,0,0,0,0,0,0,0,5.0,2.0
12,1092631296,B. Jones,Brady Jones,Jones,Brady,P,Georgia Tech,GT,100,Georgia Tech,BBC,R,R,16,1,1,0,1,0,0,0,0,0,0,6.2,0.2
12,1312690944,R. Eikhoff,Riley Eikhoff,Eikhoff,Riley,P,Coastal Carolina University,CCAR,4104,Coastal Carolina,BBC,R,R,17,1,0,0,0,0,0,0,0,0,0,2.1,2.1
12,1306812928,B. Blevins,Bryce Blevins,Blevins,Bryce,P,Marshall University,MRSH,730333696,Marshall,BBC,R,L,16,1,0,0,0,0,0,0,0,0,0,2.1,1.2
12,1190356736,T. Horn,Ty Horn,Horn,Ty,P,University of Nebraska,NEB,4865,Nebraska,BBC,L,R,17,0,0,0,0,0,0,0,0,0,0,3.1,2.1
12,1279297536,J. Brink,Jake Brink,Brink,Jake,P,College of Charleston,COFC,730177792,College of Charleston,BBC,R,R,15,3,2,0,0,0,0,0,0,0,0,3.0,3.0
12,1190323968,B. Blair,Ben Blair,Blair,Ben,P,Liberty University,LIB,730156288,Liberty,BBC,R,R,15,0,0,0,0,0,0,0,0,0,0,4.0,4.0
12,1310612992,B. Little,Branton Little,Little,Branton,P,Wofford College,WOF,730176512,Wofford,BBC,R,R,14,2,0,0,0,0,0,0,0,0,0,2.1,1.2
12,1126303232,T. Evans,Tate Evans,Evans,Tate,P,Yale University,YALE,730334464,Yale,BBC,R,R,0,0,0,0,0,0,0,0,0,0,0,0.0,0.0
12,1268530176,R. Easterly,Reid Easterly,Easterly,Reid,P,Duke University,DUKE,730336256,Duke,BBC,L,L,0,0,0,0,0,0,0,0,0,0,0,0.0,0.0
12,1191770880,T. Ellisen,Thomas Ellisen,Ellisen,Thomas,P,University of Connecticut,CONN,5486,Connecticut,BBC,R,R,14,0,0,0,0,0,0,0,0,0,0,2.2,1.2
12,1139728640,B. Holland,Brendan Holland,Holland,Brendan,P,UMass Lowell,MASSL,730371584,UMass Lowell,BBC,R,L,14,0,0,0,0,0,0,0,0,0,0,2.1,2.1
12,1200193536,W. Walsh,Will Walsh,Walsh,Will,P,University of Nebraska,NEB,4865,Nebraska,BBC,R,L,13,0,0,0,0,0,0,0,0,0,0,1.2,1.2
12,1237056768,C. Hansen,Cole Hansen,Hansen,Cole,P,Seton Hall University,HALL,730272512,Seton Hall,BBC,R,R,14,1,0,0,0,0,0,0,0,0,0,4.1,1.2
12,1279324160,J. Ellwanger,James Ellwanger,Ellwanger,James,P,Dallas Baptist University,DBU,730198016,Dallas Baptist,BBC,R,R,14,0,0,0,0,0,0,0,0,0,0,2.2,1.2
12,1113138432,J. Steeber,Joe Steeber,Steeber,Joe,P,University of Texas-Arlington,UTA,5324,UT Arlington,BBC,R,R,12,0,0,0,0,0,0,0,0,0,0,1.2,1.2
12,1303167488,D. Whalen,Drew Whalen,Whalen,Drew,P,Western Kentucky University,WKU,730212096,Western Kentucky,BBC,R,R,16,0,0,0,0,0,0,0,0,0,0,4.1,3.0
12,1182295552,J. Faulkner,Jacob Faulkner,Faulkner,Jacob,P,Princeton University,PRIN,730198784,Princeton,BBC,R,R,5,1,0,0,0,0,0,0,0,0,0,2.1,1.2
12,1287055616,E. Albert,Eddie Albert,Albert,Eddie,P,Dartmouth College,DART,730216192,Dartmouth,BBC,R,R,10,0,0,0,0,0,0,0,0,0,0,1.2,1.1
12,1297496064,I. Fix,Isaac Fix,Fix,Isaac,P,Davidson College,DAV,730363136,Davidson,BBC,R,L,15,0,0,0,0,0,0,0,0,0,0,2.1,1.1
12,1310380288,B. Poynter,Bradley Poynter,Poynter,Bradley,P,Morehead State University,MORE,730158080,Morehead State,BBC,R,R,12,1,0,0,0,0,0,0,0,0,0,2.2,2.2
12,1116320256,A. Sachais,Alec Sachais,Sachais,Alec,P,Villanova University,VILL,730278400,Villanova,BBC,R,R,0,0,0,0,0,0,0,0,0,0,0,0.0,0.0
12,1232208640,L. McCollough,Luke McCollough,McCollough,Luke,P,Villanova University,VILL,730278400,Villanova,BBC,R,R,13,0,0,0,0,0,0,0,0,0,0,2.0,1.2
12,1279144448,J. Francis,Jake Francis,Francis,Jake,P,Villanova University,VILL,730278400,Villanova,BBC,R,R,12,0,0,0,0,0,0,0,0,0,0,2.2,1.1
12,1238172160,N. Rodriguez,Noah Rodriguez,Rodriguez,Noah,P,Siena College,SIE,730382592,Siena,BBC,L,R,16,1,0,0,0,0,0,0,0,0,0,2.1,1.2
12,1136957440,W. Perkins,Wilson Perkins,Perkins,Wilson,P,Davidson College,DAV,730363136,Davidson,BBC,R,R,15,0,0,0,0,0,0,0,0,0,0,1.2,1.2
12,1241946112,J. Urena,Jeremy Urena,Urena,Jeremy,P,University of Rhode Island,URI,730163712,Rhode Island,BBC,R,R,15,1,0,0,0,0,0,0,0,0,0,3.2,3.2
12,1226973184,N. Vidmar,Nathan Vidmar,Vidmar,Nathan,P,Delaware State University,DSU,730217984,Delaware State,BBC,R,R,12,1,0,0,0,0,0,0,0,0,0,1.0,0.2
12,1330578944,E. Del Valle,Eddie Del Valle,Del Valle,Eddie,P,Delaware State University,DSU,730217984,Delaware State,BBC,R,L,12,0,0,0,0,0,0,0,0,0,0,2.1,2.1
12,1279233792,T. Florio,Trace Florio,Florio,Trace,P,Lafayette College,LAF,730217728,Lafayette,BBC,L,L,11,2,0,0,0,0,0,0,0,0,0,1.2,1.2
12,1191087360,M. Alduino,Matt Alduino,Alduino,Matt,P,Quinnipiac University,QUIN,730386688,Quinnipiac,BBC,L,L,11,0,0,0,0,0,0,0,0,0,0,2.2,1.0
12,1217850368,W. Jones,Will Jones,Jones,Will,P,Northeastern University,NE,343,Northeastern,BBC,L,L,15,0,0,0,0,0,0,0,0,0,0,3.1,2.0
12,1232886784,M. Parker,Max Parker,Parker,Max,P,Le Moyne College,LMC,730202880,Le Moyne,BBC,L,L,13,2,0,0,0,0,0,0,0,0,0,1.2,1.1
12,1081801472,J. Trombley,Joseph Trombley,Trombley,Joseph,P,Sacred Heart University,SHU,730194944,Sacred Heart,BBC,R,R,15,0,0,0,0,0,0,0,0,0,0,1.2,1.2
12,1235307520,E. Foster,Elijah Foster,Foster,Elijah,P,Sacred Heart University,SHU,730194944,Sacred Heart,BBC,R,R,15,0,0,0,0,0,0,0,0,0,0,4.0,1.0
12,1278775808,C. Montgomery,Cade Montgomery,Montgomery,Cade,P,Utah Tech University,UTU,730318592,Utah Tech,BBC,R,R,10,0,0,0,0,0,0,0,0,0,0,4.0,1.1
12,1106733824,C. Roberts,Cole Roberts,Roberts,Cole,P,Georgia State University,GAST,730239744,Georgia State,BBC,R,R,10,0,0,0,0,0,0,0,0,0,0,3.1,2.0
12,1266982912,C. Lane,Carson Lane,Lane,Carson,P,UNLV,UNLV,730161664,UNLV,BBC,R,R,15,0,0,0,1,1,1,0,0,0,0,8.0,3.1
12,1143044608,J. Burcham,Jake Burcham,Burcham,Jake,P,Tarleton State University,TAR,730236416,Tarleton State,BBC,R,R,15,0,0,0,0,0,0,0,0,0,0,2.2,2.0
12,1310787840,O. Proksch,Owen Proksch,Proksch,Owen,P,Duke University,DUKE,730336256,Duke,BBC,S,L,12,0,0,0,0,0,0,0,0,0,0,3.2,2.2
12,1239091969,J. Schaeffer,Jared Schaeffer,Schaeffer,Jared,P,University of Akron,AKR,540536064,Akron,BBC,R,R,14,1,0,0,0,0,0,0,0,0,0,4.0,4.0
12,1310892288,J. Woolfolk,Jay Woolfolk,Woolfolk,Jay,P,University of Virginia,UVA,5415,Virginia,BBC,R,R,13,0,0,0,0,0,0,0,0,0,0,4.0,4.0
12,1207928320,J. DeCaro,Jason DeCaro,DeCaro,Jason,P,University of North Carolina,UNC,730181888,North Carolina,BBC,R,R,16,0,0,0,0,0,0,0,0,0,0,5.2,2.1
12,1236290816,A. Haugh,Aidan Haugh,Haugh,Aidan,P,University of North Carolina,UNC,730181888,North Carolina,BBC,R,R,14,1,1,0,1,0,0,0,0,0,0,6.2,4.0
12,1335271936,E. Norby,Ethan Norby,Norby,Ethan,P,East Carolina University,ECU,730270720,East Carolina,BBC,R,L,14,1,1,0,1,0,0,0,1,0,0,6.0,6.0
12,1100716032,C. Marshburn,Connor Marshburn,Marshburn,Connor,P,UNC Wilmington,UNCW,730229504,UNC Wilmington,BBC,R,R,15,0,0,0,1,0,0,0,0,0,0,6.0,2.2
12,1196851200,Z. Root,Zach Root,Root,Zach,P,University of Arkansas,ARK,3375,Arkansas,BBC,L,L,19,1,0,0,0,0,0,0,0,0,0,4.1,4.0
12,1099692544,G. Floyd,George Derrick Floyd,Floyd,George Derrick,P,The Citadel,CIT,730366720,The Citadel,BBC,L,L,13,0,0,0,0,0,0,0,0,0,0,3.1,3.1
12,1314894592,C. Fink,Carter Fink,Fink,Carter,P,East Tennessee State University,ETSU,4844,East Tennessee State,BBC,R,R,16,0,0,0,0,0,0,0,0,0,0,3.1,2.1
12,1296162560,S. McAlinden,Shane McAlinden,McAlinden,Shane,P,CSU Bakersfield,CSB,730283008,CSU Bakersfield,BBC,R,R,14,0,0,0,0,0,0,0,0,0,0,4.1,2.2
12,1279708672,A. Boster,Aaron Boster,Boster,Aaron,P,Northern Kentucky University,NKU,730230272,Northern Kentucky,BBC,L,L,15,0,0,0,1,0,0,0,0,0,0,6.0,1.1
12,1179985408,R. Walton,Ryker Walton,Walton,Ryker,P,Eastern Kentucky University,EKY,5417,Eastern Kentucky,BBC,R,R,12,0,0,0,0,0,0,0,0,0,0,1.1,1.1
12,1085418496,K. Remington,Kyle Remington,Remington,Kyle,P,University of Minnesota,MINN,4864,Minnesota,BBC,L,R,14,0,0,0,0,0,0,0,0,0,0,3.2,1.0
12,1142660352,N. Straniero,Nolan Straniero,Straniero,Nolan,P,Elon University,ELON,730252544,Elon,BBC,R,R,14,1,0,0,0,0,0,0,0,0,0,3.0,1.1
12,1100466176,J. Mitrovich,Justin Mitrovich,Mitrovich,Justin,P,Elon University,ELON,730252544,Elon,BBC,R,R,15,1,1,0,1,0,0,0,0,0,0,6.2,3.2
12,1084482817,K. Deverman,Kenton Deverman,Deverman,Kenton,P,University of Evansville,EVAN,730327808,Evansville,BBC,L,L,12,1,0,0,0,0,0,0,0,0,0,2.0,2.0
12,1198297344,T. Perry,Tanner Perry,Perry,Tanner,P,Illinois State University,ILST,730258944,Illinois State,BBC,R,R,15,2,1,0,0,0,0,0,0,0,0,2.2,2.2
12,1239369472,K. Reed,Kevin Reed,Reed,Kevin,P,University of Evansville,EVAN,730327808,Evansville,BBC,L,L,14,1,1,0,0,0,0,0,0,0,0,4.2,1.2
12,1239155712,D. Schueler,Dillon Schueler,Schueler,Dillon,P,University of Illinois-Chicago,UIC,5379,Illinois-Chicago,BBC,R,R,15,1,1,0,1,0,0,0,0,0,0,6.1,4.2
12,1265428992,T. Chadwick,Tyrelle Chadwick,Chadwick,Tyrelle,P,Illinois State University,ILST,730258944,Illinois State,BBC,R,R,12,1,0,0,0,0,0,0,0,0,0,5.1,1.2
12,1116316672,K. Lesler,Kyle Lesler,Lesler,Kyle,P,Fairfield University,FAIR,730380544,Fairfield,BBC,R,R,11,0,0,0,0,0,0,0,0,0,0,4.2,1.0
12,1094321664,J. Edwards,Jagger Edwards,Edwards,Jagger,P,Columbia University,CLMB,730319104,Columbia,BBC,L,L,13,0,0,0,0,0,0,0,0,0,0,4.2,4.2
12,1142994176,L. Peterson,Liam Peterson,Peterson,Liam,P,University of Florida,FLA,730168320,Florida,BBC,R,R,15,0,0,0,0,0,0,0,0,0,0,2.0,1.2
12,1238291968,T. Murphy,Tyler Murphy,Murphy,Tyler,P,Florida Atlantic University,FAU,339,Florida Atlantic,BBC,R,R,13,1,0,0,0,0,0,0,0,0,0,1.2,1.2
12,1100603904,T. Beard,Trey Beard,Beard,Trey,P,Florida Atlantic University,FAU,339,Florida Atlantic,BBC,L,L,15,0,0,0,0,0,0,0,0,0,0,5.0,5.0
12,1306683393,C. Alderman,Chandler Alderman,Alderman,Chandler,P,Middle Tennessee State University,MTU,730158336,Middle Tennessee State,BBC,R,L,14,2,0,0,0,0,0,0,0,0,0,2.2,2.2
12,1104573440,L. Nichols,Luke Nichols,Nichols,Luke,P,Louisiana Tech University,LT,3374,Louisiana Tech,BBC,L,L,6,0,0,0,0,0,0,0,0,0,0,1.1,1.1
12,1162521088,L. Runde,Logan Runde,Runde,Logan,P,Florida International University,FIU,4468,Florida International,BBC,R,R,12,0,0,0,0,0,0,0,0,0,0,4.0,3.2
12,1195501312,C. Diaz,Chris Diaz,Diaz,Chris,P,Florida Gulf Coast University,FGCU,4964,Florida Gulf Coast,BBC,R,R,12,2,1,0,0,0,0,0,0,0,0,2.1,2.1
12,1084516352,C. Kelly,Carson Kelly,Kelly,Carson,P,Florida A&M University,FAMU,5416,Florida A&M,BBC,L,L,1,0,0,0,0,0,0,0,0,0,0,0.0,0.0
12,1217549824,R. Reyes,Randy Reyes,Reyes,Randy,P,Grambling State University,GRAM,5378,Grambling State,BBC,L,L,12,1,0,0,0,0,0,0,0,0,0,1.0,0.2
12,1286103552,C. Williams,Cody Williams,Williams,Cody,P,Florida A&M University,FAMU,5416,Florida A&M,BBC,R,R,1,0,0,0,0,0,0,0,0,0,0,0.2,0.2
12,1162029824,J. Snipes,James Snipes,Snipes,James,P,Mississippi Valley State University,MVSU,730259200,Mississippi Valley State,BBC,R,R,8,0,0,0,0,0,0,0,0,0,0,3.1,2.2
12,1299763712,B. Eftink,Brayden Eftink,Eftink,Brayden,P,Mississippi Valley State University,MVSU,730259200,Mississippi Valley State,BBC,L,R,12,0,0,0,0,0,0,0,0,0,0,3.1,2.2
12,1190568448,T. McKee,Tate McKee,McKee,Tate,P,Georgia Tech,GT,100,Georgia Tech,BBC,R,R,16,0,0,0,0,0,0,0,0,0,0,3.0,3.0
12,1202718208,E. Dempsey,Evan Dempsey,Dempsey,Evan,TWP,Florida Gulf Coast University,FGCU,4964,Florida Gulf Coast,BBC,L,R,10,0,0,0,0,0,0,0,0,0,0,2.2,1.0
12,1311551232,C. OHara,Connor OHara,OHara,Connor,P,George Mason University,GMU,730265088,George Mason,BBC,R,R,16,2,2,0,0,0,0,0,0,0,0,4.0,2.1
12,1199765504,C. Christenson,Charlie Christenson,Christenson,Charlie,P,University of Central Arkansas,CARK,730175232,Central Arkansas,BBC,R,R,15,2,1,0,0,0,0,0,0,0,0,3.1,3.1
12,1286473472,H. Alexander,Hunter Alexander,Alexander,Hunter,P,University of Central Arkansas,CARK,730175232,Central Arkansas,BBC,R,R,8,1,0,0,0,0,0,0,0,0,0,2.0,1.2
12,1184281600,R. Brooks,Ryder Brooks,Brooks,Ryder,P,UC Irvine,UCI,3031,UC Irvine,BBC,L,L,12,1,1,0,0,0,0,0,0,0,0,4.2,3.0
12,1243275008,R. Kelly,Riley Kelly,Kelly,Riley,P,UC Irvine,UCI,3031,UC Irvine,BBC,R,R,12,0,0,0,0,0,0,0,0,0,0,3.2,2.1
12,1142126848,R. Ojeda,Ricky Ojeda,Ojeda,Ricky,P,UC Irvine,UCI,3031,UC Irvine,BBC,L,L,2,0,0,0,0,0,0,0,0,0,0,0.0,0.0
12,1176403456,T. Santana,Thomas Santana,Santana,Thomas,P,Columbia University,CLMB,730319104,Columbia,BBC,R,R,13,0,0,0,0,0,0,0,0,0,0,1.1,1.1
12,1270721280,P. Fosher,Peyton Fosher,Fosher,Peyton,P,University of Nevada,NEV,4784,Nevada,BBC,R,R,15,0,0,0,0,0,0,0,0,0,0,3.1,2.0
12,1276142592,B. Alekson,Ben Alekson,Alekson,Ben,P,Fairfield University,FAIR,730380544,Fairfield,BBC,R,R,16,0,0,0,1,0,0,0,0,0,0,6.0,4.0
12,1093159424,B. Curley,Brian Curley,Curley,Brian,P,University of Georgia,UGA,226,Georgia,BBC,R,R,10,0,0,0,0,0,0,0,0,0,0,4.0,3.1
12,1279760896,O. Tappy,Owen Tappy,Tappy,Owen,P,Virginia Commonwealth University,VCU,730179328,VCU,BBC,R,R,8,1,0,0,0,0,0,0,0,0,0,3.0,3.0
12,1146468608,M. Foltz,Michael Foltz,Foltz,Michael,P,George Washington University,GW,730249216,George Washington,BBC,L,L,14,1,0,0,0,0,0,0,0,0,0,3.1,1.2
12,1196833025,R. O'Connor,Robbie O'Connor,O'Connor,Robbie,P,University of Massachusetts,MASS,5451,UMass,BBC,R,R,14,0,0,0,0,0,0,0,0,0,0,3.2,0.2
12,1311140864,B. Pendley,Brady Pendley,Pendley,Brady,P,Georgia Southern University,GASO,730331648,Georgia Southern,BBC,R,R,6,0,0,0,0,0,0,0,0,0,0,1.0,1.0
12,1105483008,R. Norman,Ross Norman,Norman,Ross,P,Georgia State University,GAST,730239744,Georgia State,BBC,R,R,12,0,0,0,0,0,0,0,0,0,0,2.2,2.2
12,1238148096,C. Flukey,Cameron Flukey,Flukey,Cameron,P,Coastal Carolina University,CCAR,4104,Coastal Carolina,BBC,R,R,17,1,1,0,0,0,0,0,0,0,0,4.0,2.2
12,1311169536,M. Patel,Mason Patel,Patel,Mason,P,Georgia Tech,GT,100,Georgia Tech,BBC,R,R,0,0,0,0,0,0,0,0,0,0,0,0.0,0.0
12,1087388672,T. McGregor,Tristan McGregor,McGregor,Tristan,P,Presbyterian College,PRE,730184192,Presbyterian,BBC,R,R,13,0,0,0,0,0,0,0,0,0,0,2.0,2.0
12,1257443072,B. Renfrow,Brett Renfrow,Renfrow,Brett,P,Virginia Tech,VT,2293,Virginia Tech,BBC,R,R,15,0,0,0,0,0,0,0,0,0,0,3.2,2.0
12,1150347776,C. Allen,Colby Allen,Allen,Colby,P,The University of Southern Mississippi,USM,730246656,Southern Miss,BBC,R,R,2,0,0,0,0,0,0,0,0,0,0,4.0,0.2
12,1142659328,K. Sivley,Kros Sivley,Sivley,Kros,P,The University of Southern Mississippi,USM,730246656,Southern Miss,BBC,L,L,8,0,0,0,0,0,0,0,0,0,0,3.2,2.2
12,1275958784,E. Hoffberg,Erik Hoffberg,Hoffberg,Erik,P,Gonzaga University,GONZ,730200832,Gonzaga,BBC,R,R,0,0,0,0,0,0,0,0,0,0,0,0.0,0.0
12,1205406720,H. Watkins,Hunter Watkins,Watkins,Hunter,P,Oklahoma State University,OKST,4245,Oklahoma State,BBC,R,R,11,0,0,0,0,0,0,0,0,0,0,1.2,1.2
12,1255332608,G. Ahern,Garrett Ahern,Ahern,Garrett,P,Grand Canyon University,GC,5310,Grand Canyon,BBC,R,R,15,0,0,0,1,0,0,0,0,0,0,6.2,5.0
12,1077994240,J. Katz,Josh Katz,Katz,Josh,P,University of Pennsylvania,PENN,730292224,Pennsylvania,BBC,R,R,9,0,0,0,0,0,0,0,0,0,0,2.2,1.1
12,1184713472,C. Fang,Callan Fang,Fang,Callan,P,Harvard University,HARV,5450,Harvard,BBC,L,R,11,0,0,0,0,0,0,0,0,0,0,2.1,1.1
12,1237026048,N. Millikan,Noah Millikan,Millikan,Noah,P,University of Pennsylvania,PENN,730292224,Pennsylvania,BBC,R,R,10,1,0,0,0,0,0,0,0,0,0,4.1,2.2
12,1323961600,A. Mucciarone,Alfred Mucciarone,Mucciarone,Alfred,P,UMass Lowell,MASSL,730371584,UMass Lowell,BBC,R,R,14,0,0,0,0,0,0,0,0,0,0,3.0,2.0
12,1125104128,G. Garcia Jr.,Guillermo Garcia Jr.,Garcia Jr.,Guillermo,P,Longwood University,LONG,730219264,Longwood,BBC,R,R,13,0,0,0,0,0,0,0,0,0,0,3.1,2.1
12,1099900160,A. Cabral,Aiven Cabral,Cabral,Aiven,P,Northeastern University,NE,343,Northeastern,BBC,R,R,16,1,1,0,0,0,0,0,0,0,0,5.0,3.2
12,1238315520,D. Macchiarola,Danny Macchiarola,Macchiarola,Danny,P,College of the Holy Cross,HC,730310656,Holy Cross,BBC,L,R,16,2,0,0,0,0,0,0,0,0,0,3.1,2.2
12,1186273280,L. Bravo,Leonardo Bravo,Bravo,Leonardo,P,Prairie View A&M University,PV,4766,Prairie View A&M,BBC,R,R,6,0,0,0,0,0,0,0,0,0,0,2.2,1.1
12,1195586304,E. Chaffee,Evan Chaffee,Chaffee,Evan,P,St. John's University (NY),SJU,4285,St. John's,BBC,L,L,14,0,0,0,0,0,0,0,0,0,0,3.0,1.0
12,1310134016,N. Luckett,Nick Luckett,Luckett,Nick,P,Southern University,SOU,4767,Southern,BBC,R,R,15,4,1,0,0,0,0,0,0,0,0,2.2,2.0
12,1150276096,C. Richter,Chase Richter,Richter,Chase,P,Arkansas State University,ARST,730290176,Arkansas State,BBC,L,L,1,0,0,0,0,0,0,0,0,0,0,2.0,2.0
12,1334314752,A. Brouwer,Adam Brouwer,Brouwer,Adam,P,Northern Illinois University,NIU,730386176,Northern Illinois,BBC,R,R,13,0,0,0,0,0,0,0,0,0,0,2.1,2.1
12,1307084033,R. Hall,Regan Hall,Hall,Regan,P,University of Illinois,ILL,730163456,Illinois,BBC,L,L,12,1,0,0,0,0,0,0,0,0,0,3.0,2.2
12,1251441152,W. Rogers,Will Rogers,Rogers,Will,P,University of Michigan,MICH,2290,Michigan,BBC,R,R,1,0,0,0,0,0,0,0,0,0,0,2.2,2.2
12,1330730752,D. Vigue,Dylan Vigue,Vigue,Dylan,P,University of Michigan,MICH,2290,Michigan,BBC,R,R,8,0,0,0,0,0,0,0,0,0,0,3.0,3.0
12,1281908992,A. Nigut,Alec Nigut,Nigut,Alec,P,Southern Illinois University,SIU,730349824,Southern Illinois,BBC,L,L,13,0,0,0,0,0,0,0,0,0,0,5.0,3.0
12,1174671104,C. Doorn,Carter Doorn,Doorn,Carter,P,Purdue University,PUR,730353152,Purdue,BBC,R,R,13,0,0,0,0,0,0,0,0,0,0,4.1,4.1
12,1212105985,C. Van Assen,Cole Van Assen,Van Assen,Cole,P,Purdue University,PUR,730353152,Purdue,BBC,R,R,14,0,0,0,0,0,0,0,0,0,0,3.2,3.2
12,1100455936,T. Charlton,Tyler Charlton,Charlton,Tyler,P,Missouri State University,MOSU,5382,Missouri State,BBC,L,L,14,0,0,0,1,0,0,0,0,0,0,6.2,1.1
12,1231225856,J. Salinas,Josh Salinas,Salinas,Josh,P,University of the Incarnate Word,IW,730225152,Incarnate Word,BBC,L,L,11,2,0,0,0,0,0,0,0,0,0,3.1,1.0
12,1263546112,K. Braziel,Kewan Braziel,Braziel,Kewan,P,Texas Southern University,TXSO,4768,Texas Southern,BBC,L,L,13,0,0,0,0,0,0,0,0,0,0,2.2,2.0
12,1334313472,R. Kraft,Ryan Kraft,Kraft,Ryan,P,"Indiana University, Bloomington",IND,4866,Indiana,BBC,L,L,7,0,0,0,0,0,0,0,0,0,0,2.0,1.2
12,1084443136,C. Katskee,Cooper Katskee,Katskee,Cooper,P,Miami University (Ohio),M-OH,730379264,Miami (OH),BBC,R,R,10,3,0,0,0,0,0,0,0,0,0,3.0,2.1
12,1238136064,K. Barr,Kurt Barr,Barr,Kurt,P,University of Michigan,MICH,2290,Michigan,BBC,R,R,14,0,0,0,0,0,0,0,0,0,0,2.1,2.1
12,1203581952,C. Gilley,Cole Gilley,Gilley,Cole,P,"Indiana University, Bloomington",IND,4866,Indiana,BBC,R,R,12,0,0,0,0,0,0,0,0,0,0,4.1,2.2
12,1155468544,R. Beuter,Reece Beuter,Beuter,Reece,P,University of Iowa,IOWA,1232,Iowa,BBC,R,R,13,0,0,0,0,0,0,0,0,0,0,2.1,1.2
12,1162233600,C. Obermueller,Cade Obermueller,Obermueller,Cade,P,University of Iowa,IOWA,1232,Iowa,BBC,L,L,15,1,0,0,0,0,0,0,0,0,0,5.0,3.0
12,1287368192,A. Savary,Aaron Savary,Savary,Aaron,P,University of Iowa,IOWA,1232,Iowa,BBC,R,R,15,0,0,0,0,0,0,0,0,0,0,3.2,1.1
12,1162566912,E. Gonzales,Erick Gonzales,Gonzales,Erick,P,Jackson State University,JKST,730378240,Jackson State,BBC,R,R,15,0,0,0,0,0,0,0,0,0,0,3.1,1.1
12,1246582016,D. Voegele,Dominic Voegele,Voegele,Dominic,P,University of Kansas,KU,730360064,Kansas,BBC,R,R,16,0,0,0,0,0,0,0,0,0,0,3.1,3.1
12,1304691713,C. Moore,Cooper Moore,Moore,Cooper,P,University of Kansas,KU,730360064,Kansas,BBC,R,R,14,0,0,0,0,0,0,0,0,0,0,4.0,3.1
12,1210146816,J. Brockett,Jackson Brockett,Brockett,Jackson,P,University of Nebraska,NEB,4865,Nebraska,BBC,L,L,15,0,0,0,0,0,0,0,0,0,0,3.0,1.2
12,1218243584,B. Olsen,Bobby Olsen,Olsen,Bobby,P,Villanova University,VILL,730278400,Villanova,BBC,R,R,11,0,0,0,0,0,0,0,0,0,0,1.2,1.1
12,1207790848,A. Williams,Andrew Williams,Williams,Andrew,P,Georgetown University,GTWN,2330,Georgetown,BBC,L,L,14,2,2,0,0,0,0,0,0,0,0,2.0,2.0
12,1271054080,J. Frost,Jacob Frost,Frost,Jacob,P,Kansas State University,KSU,730270464,Kansas State,BBC,L,L,15,0,0,0,0,0,0,0,0,0,0,3.0,1.0
12,1299957248,J. Ackerman,Jess Ackerman,Ackerman,Jess,P,Mercer University,MER,730240512,Mercer,BBC,L,L,10,0,0,0,0,0,0,0,0,0,0,3.0,1.2
12,1318951936,B. Cleaver,Ben Cleaver,Cleaver,Ben,P,University of Kentucky,UK,5362,Kentucky,BBC,L,L,15,0,0,0,0,0,0,0,0,0,0,5.2,5.2
12,1287363584,M. Phillips,Marcus Phillips,Phillips,Marcus,P,University of Tennessee,TENN,730153728,Tennessee,BBC,R,R,17,1,1,0,0,0,0,0,0,0,0,4.0,3.0
12,1307056128,J. Wywoda,Jaden Wywoda,Wywoda,Jaden,P,College of the Holy Cross,HC,730310656,Holy Cross,BBC,R,R,16,2,1,0,0,0,0,0,0,0,0,5.2,5.2
12,1279513344,A. Rubayo,Andrew Rubayo,Rubayo,Andrew,P,Quinnipiac University,QUIN,730386688,Quinnipiac,BBC,R,R,0,0,0,0,0,0,0,0,0,0,0,0.0,0.0
12,1336080896,C. Carver,Chase Carver,Carver,Chase,P,Bellarmine University,BU,730167552,Bellarmine,BBC,R,R,14,0,0,0,0,0,0,0,0,0,0,4.1,0.2
12,1257441536,K. Montgomery,Kellan Montgomery,Montgomery,Kellan,P,Long Beach State University,LBSU,730224128,Long Beach State,BBC,R,R,14,1,0,0,0,0,0,0,0,0,0,3.0,1.1
12,1162060288,T. Hansen,Trevor Hansen,Hansen,Trevor,P,UC Irvine,UCI,3031,UC Irvine,BBC,R,R,16,1,1,0,0,0,0,0,0,0,0,4.2,4.2
12,1281584640,D. Gonzalez,Daniel Gonzalez,Gonzalez,Daniel,P,University of Louisiana at Monroe,ULM,730362880,UL Monroe,BBC,R,R,12,0,0,0,0,0,0,0,0,0,0,3.2,3.1
12,1093169920,H. Andrews,Heath Andrews,Andrews,Heath,P,North Carolina State University,NCST,730216448,North Carolina State,BBC,R,R,14,0,0,0,0,0,0,0,0,0,0,3.2,3.2
12,1162558464,W. Scott,Win Scott,Scott,Win,P,San Jose State University,SJSU,730206720,San Jose State,BBC,L,L,14,1,0,0,0,0,0,0,0,0,0,3.0,2.2
12,1226691328,J. Halford,Jacob Halford,Halford,Jacob,P,North Carolina A&T State University,NCAT,730372352,North Carolina A&T,BBC,R,R,1,0,0,0,0,0,0,0,0,0,0,3.2,2.1
12,1142482688,K. Grundy,Kade Grundy,Grundy,Kade,P,Georgia Southern University,GASO,730331648,Georgia Southern,BBC,R,R,15,1,0,0,0,0,0,0,0,0,0,3.1,3.1
12,1287322880,R. Fox,Rory Fox,Fox,Rory,P,University of Notre Dame,ND,225,Notre Dame,BBC,L,R,14,1,1,0,0,0,0,0,0,0,0,4.2,3.0
12,1110844672,M. Bucknam,Micah Bucknam,Bucknam,Micah,P,Dallas Baptist University,DBU,730198016,Dallas Baptist,BBC,R,R,13,2,1,0,0,0,0,0,0,0,0,3.1,3.1
12,1184457216,S. Dutton,Samuel Dutton,Dutton,Samuel,P,Auburn University,AUB,5466,Auburn,BBC,L,R,16,1,1,0,0,0,0,0,0,0,0,4.2,4.1
12,1236991744,K. Anderson,Kade Anderson,Anderson,Kade,P,Louisiana State University,LSU,5323,Louisiana State,BBC,L,L,19,2,2,0,0,0,0,0,0,0,0,3.1,3.0
12,1162130176,T. Hess,Tate Hess,Hess,Tate,P,University of Louisiana at Lafayette,ULL,5075,Louisiana,BBC,R,R,6,0,0,0,0,0,0,0,0,0,0,2.0,2.0
12,1262862080,C. Morgan,Chase Morgan,Morgan,Chase,P,University of Louisiana at Lafayette,ULL,5075,Louisiana,BBC,L,L,13,0,0,0,0,0,0,0,0,0,0,3.1,1.1
12,1332929792,J. McCracken,J.D. McCracken,McCracken,J.D.,P,Rice University,RICE,2352,Rice,BBC,L,L,14,1,0,0,0,0,0,0,0,0,0,5.0,2.2
12,1311153664,A. Herrmann,Andrew Herrmann,Herrmann,Andrew,P,University of Louisiana at Lafayette,ULL,5075,Louisiana,BBC,L,L,12,1,0,0,0,0,0,0,0,0,0,3.1,3.0
12,1085390592,D. Brown,Dylan Brown,Brown,Dylan,P,Old Dominion University,ODU,3090,Old Dominion,BBC,R,L,15,0,0,0,0,0,0,0,0,0,0,4.0,2.1
12,1202694400,J. Martinez,Jack Martinez,Martinez,Jack,P,Arizona State University,ASU,5035,Arizona State,BBC,R,R,15,0,0,0,1,0,0,0,0,0,0,6.2,3.0
12,1090284544,P. Edwards,Parker Edwards,Edwards,Parker,P,Houston Christian University,HCU,730157824,Houston Christian,BBC,R,R,17,1,0,0,0,0,0,0,0,0,0,5.0,4.1
12,1093144320,S. Cash,Steven Cash,Cash,Steven,P,Jacksonville State University,JVST,730225408,Jacksonville State,BBC,R,L,16,1,0,0,0,0,0,0,0,0,0,3.2,2.2
12,1238212096,J. Tollett,JR Tollett,Tollett,JR,P,University of Louisiana at Lafayette,ULL,5075,Louisiana,BBC,R,R,11,1,1,0,0,0,0,0,0,0,0,1.2,1.2
12,1200305920,R. Peterson,Ryan Peterson,Peterson,Ryan,P,Sam Houston State University,SHSU,5363,Sam Houston State,BBC,R,R,14,0,0,0,0,0,0,0,0,0,0,2.0,1.1
12,1166183424,M. Morrissey,M.T. Morrissey,Morrissey,M.T.,P,New Jersey Institute of Technology,NJIT,730313216,NJIT,BBC,R,R,14,3,0,0,0,0,0,0,0,0,0,3.2,2.2
12,1097588224,J. Dzierwa,Joseph Dzierwa,Dzierwa,Joseph,P,Michigan State University,MSU,1551,Michigan State,BBC,L,L,15,1,1,0,0,0,0,0,0,0,0,4.2,4.2
12,1162067200,E. Sargent,Eddie Sargent,Sargent,Eddie,P,UMBC,UMBC,730210304,UMBC,BBC,L,L,8,0,0,0,0,0,0,0,0,0,0,2.2,1.0
12,1145349376,C. Poliey,Clayton Poliey,Poliey,Clayton,P,Rider University,RID,730174976,Rider,BBC,R,R,14,0,0,0,0,0,0,0,0,0,0,3.0,3.0
12,1294886144,J. Ritz,Justin Ritz,Ritz,Justin,P,Coppin State University,COPP,730194176,Coppin State,BBC,R,R,0,0,0,0,0,0,0,0,0,0,0,0.0,0.0
12,1099879680,D. Banner,Dylan Banner,Banner,Dylan,P,University at Albany,ALBY,730280448,Albany,BBC,R,R,14,1,0,0,0,0,0,0,0,0,0,4.0,3.1
12,1318761728,G. Yawn,Garrett Yawn,Yawn,Garrett,P,Long Island University-Brooklyn,LIU,730352896,LIU Brooklyn,BBC,R,R,16,3,2,0,0,0,0,0,0,0,0,5.1,5.1
12,1156597504,B. Stuprich,Brennan Stuprich,Stuprich,Brennan,P,Southeastern Louisiana University,SELA,730209280,Southeastern Louisiana,BBC,R,R,14,0,0,0,0,0,0,0,0,0,0,4.0,2.2
12,1092652800,J. Johnson,Jeb Johnson,Johnson,Jeb,P,Mercer University,MER,730240512,Mercer,BBC,R,R,10,1,0,0,0,0,0,0,0,0,0,2.1,1.2
12,1310369536,B. Peterson,Brandon Peterson,Peterson,Brandon,P,New Jersey Institute of Technology,NJIT,730313216,NJIT,BBC,L,R,12,0,0,0,0,0,0,0,0,0,0,5.0,2.0
12,1142967552,J. DeCastro,Justin DeCastro,DeCastro,Justin,P,Long Island University-Brooklyn,LIU,730352896,LIU Brooklyn,BBC,R,R,15,2,0,0,0,0,0,0,0,0,0,1.0,1.0
12,1085401856,C. Byers,Carson Byers,Byers,Carson,P,Miami University (Ohio),M-OH,730379264,Miami (OH),BBC,L,L,2,0,0,0,0,0,0,0,0,0,0,0.0,0.0
12,1198527488,J. Hanson,Jared Hanson,Hanson,Jared,P,Central Michigan University,CMU,5342,Central Michigan,BBC,R,R,10,0,0,0,0,0,0,0,0,0,0,3.1,1.2
12,1296198400,J. Hyde,Jace Hyde,Hyde,Jace,P,East Tennessee State University,ETSU,4844,East Tennessee State,BBC,R,R,14,1,1,0,0,0,0,0,0,0,0,2.0,1.0
12,1129425152,N. Higgins,Nolan Higgins,Higgins,Nolan,P,Michigan State University,MSU,1551,Michigan State,BBC,R,R,15,0,0,0,0,0,0,0,0,0,0,2.2,1.1
12,1248493824,J. Pease,Jaxson Pease,Pease,Jaxson,P,Tennessee Technological University,TNTC,730166272,Tennessee Tech,BBC,R,R,14,0,0,0,0,0,0,0,0,0,0,2.1,2.1
12,1250079232,J. Schaaf,Jason Schaaf,Schaaf,Jason,P,Missouri State University,MOSU,5382,Missouri State,BBC,R,R,11,0,0,0,0,0,0,0,0,0,0,2.1,2.1
12,1237012736,C. Cheatham,Cole Cheatham,Cheatham,Cole,P,UAB,UAB,730345984,UAB,BBC,L,L,10,0,0,0,0,0,0,0,0,0,0,2.0,2.0
12,1204043008,P. Kohn,Pico Kohn,Kohn,Pico,P,Mississippi State University,MSST,5080,Mississippi State,BBC,L,L,15,0,0,0,0,0,0,0,0,0,0,2.0,2.0
12,1094165504,A. Pingeton,Anthony Pingeton,Pingeton,Anthony,P,University of North Alabama,UNA,730266624,North Alabama,BBC,R,R,14,1,0,0,0,0,0,0,0,0,0,4.2,4.1
12,1227047936,T. Kent,Tommy Kent,Kent,Tommy,P,Monmouth University,MONM,4164,Monmouth,BBC,L,L,11,0,0,0,0,0,0,0,0,0,0,2.0,1.2
12,1277834240,K. Opanel,Kevin Opanel,Opanel,Kevin,P,Monmouth University,MONM,4164,Monmouth,BBC,R,R,10,0,0,0,0,0,0,0,0,0,0,3.1,1.1
12,1273112064,D. Beckner,Drew Beckner,Beckner,Drew,P,Eastern Michigan University,EMU,5385,Eastern Michigan,BBC,L,L,15,0,0,0,0,0,0,0,0,0,0,4.2,4.2
12,1238871552,J. Newell,Josh Newell,Newell,Josh,P,Lindenwood University,LU,730322176,Lindenwood,BBC,R,R,15,2,2,0,0,0,0,0,0,0,0,3.2,2.2
12,1257460992,T. Grenn,Tyler Grenn,Grenn,Tyler,P,U.S. Naval Academy,NAVY,508,Navy,BBC,L,R,13,2,0,0,0,0,0,0,0,0,0,3.2,3.0
12,1105311232,B. Bendik,Brady Bendik,Bendik,Brady,P,U.S. Naval Academy,NAVY,508,Navy,BBC,R,R,13,3,2,0,0,0,0,0,0,0,0,4.2,2.2
12,1144599808,J. Goble,Jake Goble,Goble,Jake,P,South Dakota State University,SDST,730323200,South Dakota State,BBC,R,R,1,0,0,0,0,0,0,0,0,0,0,1.0,0.2
12,1192787200,J. Caravalho,Joshua Caravalho,Caravalho,Joshua,P,Houston Christian University,HCU,730157824,Houston Christian,BBC,R,R,16,0,0,0,0,0,0,0,0,0,0,1.2,1.2
12,1228796416,N. McCay,Nic McCay,McCay,Nic,P,University of Kentucky,UK,5362,Kentucky,BBC,R,R,15,0,0,0,0,0,0,0,0,0,0,3.0,1.2
12,1227145728,B. Gomez,Brandon Gomez,Gomez,Brandon,P,Santa Clara University,SCU,730297600,Santa Clara,BBC,L,L,12,0,0,0,0,0,0,0,0,0,0,3.1,1.2
12,1237048064,S. Simon,Sam Simon,Simon,Sam,P,UNLV,UNLV,730161664,UNLV,BBC,R,R,13,0,0,0,0,0,0,0,0,0,0,3.2,3.0
12,1330706688,Z. Petty,Zane Petty,Petty,Zane,P,Texas Tech University,TTU,2350,Texas Tech,BBC,R,R,12,0,0,0,0,0,0,0,0,0,0,5.0,2.2
12,1160908544,O. Serrano,Omar Serrano,Serrano,Omar,P,San Diego State University,SDSU,730218496,San Diego State,BBC,R,R,15,2,1,0,0,0,0,0,0,0,0,1.2,1.2
12,1179093504,D. Purser,Daxton Purser,Purser,Daxton,P,University of New Mexico,UNM,730153472,New Mexico,BBC,L,L,11,0,0,0,0,0,0,0,0,0,0,2.2,2.1
12,1132957952,C. Olivier,Chris Olivier,Olivier,Chris,P,Lamar University,LAM,730162432,Lamar,BBC,R,R,14,0,0,0,0,0,0,0,0,0,0,3.2,2.0
12,1176066304,J. Middleton,JB Middleton,Middleton,JB,P,The University of Southern Mississippi,USM,730246656,Southern Miss,BBC,R,R,16,1,0,0,0,0,0,0,0,0,0,2.1,2.1
12,1313502976,G. Edwards,Grant Edwards,Edwards,Grant,P,University of New Orleans,UNO,5380,New Orleans,BBC,R,R,15,0,0,0,0,0,0,0,0,0,0,3.1,2.0
12,1191447040,J. Shineflew,Jaxon Shineflew,Shineflew,Jaxon,P,University of South Alabama,USA,730298880,South Alabama,BBC,L,L,6,0,0,0,0,0,0,0,0,0,0,1.1,1.1
12,1326021632,Z. Garcia,Zach Garcia,Garcia,Zach,P,Texas A&M-Corpus Christi,AMCC,4764,Texas A&M-Corpus Christi,BBC,L,L,14,1,0,0,1,0,0,0,1,0,0,6.1,6.1
12,1207806720,L. Fladda,Luc Fladda,Fladda,Luc,P,Tulane University,TULN,730354176,Tulane,BBC,L,L,15,1,0,0,0,0,0,0,0,0,0,2.2,2.0
12,1310907904,M. Quevedo,Michael Quevedo,Quevedo,Michael,P,Kansas State University,KSU,730270464,Kansas State,BBC,L,L,14,0,0,0,0,0,0,0,0,0,0,2.1,2.1
12,1100142592,E. Blakeney,Ethan Blakeney,Blakeney,Ethan,P,Norfolk State University,NORF,3904,Norfolk State,BBC,R,R,9,0,0,0,1,0,0,0,0,0,0,6.0,5.2
12,1257398016,R. Bilka,Ryan Bilka,Bilka,Ryan,P,University of Richmond,RICH,730171904,Richmond,BBC,R,R,0,0,0,0,0,0,0,0,0,0,0,0.0,0.0
12,1114455808,J. Toporek,Jake Toporek,Toporek,Jake,P,Wagner College,WAG,730192640,Wagner,BBC,S,L,14,1,0,0,0,0,0,0,0,0,0,3.2,3.0
12,1320362240,J. Kim,Justin Kim,Kim,Justin,P,Princeton University,PRIN,730198784,Princeton,BBC,R,R,2,0,0,0,0,0,0,0,0,0,0,1.0,1.0
12,1162536960,A. DAlessio,Andrew DAlessio,DAlessio,Andrew,P,Princeton University,PRIN,730198784,Princeton,BBC,R,R,9,0,0,0,0,0,0,0,0,0,0,2.0,1.2
12,1196797696,D. Lally Jr.,David Lally Jr.,Lally Jr.,David,P,University of Michigan,MICH,2290,Michigan,BBC,R,R,13,2,1,0,0,0,0,0,0,0,0,5.1,2.0
12,1153411840,J. Radel,Jack Radel,Radel,Jack,P,University of Notre Dame,ND,225,Notre Dame,BBC,R,R,13,0,0,0,0,0,0,0,0,0,0,3.0,3.0
12,1281671425,R. Bertram,Reid Bertram,Bertram,Reid,P,Gardner Webb University,WEBB,730222592,Gardner Webb,BBC,L,L,13,0,0,0,0,0,0,0,0,0,0,3.0,1.1
12,1279326464,B. Morningstar,Blake Morningstar,Morningstar,Blake,P,Wake Forest University,WAKE,730373376,Wake Forest,BBC,R,R,14,0,0,0,0,0,0,0,0,0,0,3.0,3.0
12,1273200896,M. Simpson,Max Simpson,Simpson,Max,P,Towson University,TOWS,730318336,Towson,BBC,R,R,14,0,0,0,0,0,0,0,0,0,0,4.2,2.1
12,1197348608,R. Marohn,Ryan Marohn,Marohn,Ryan,P,North Carolina State University,NCST,730216448,North Carolina State,BBC,L,L,14,2,2,0,0,0,0,0,0,0,0,2.1,1.0
12,1172966144,P. Hampton,Parker Hampton,Hampton,Parker,P,Norfolk State University,NORF,3904,Norfolk State,BBC,R,R,9,0,0,0,0,0,0,0,0,0,0,2.2,1.2
12,1317475840,C. Wade,Crawford Wade,Wade,Crawford,P,Northwestern University,NW,730247680,Northwestern,BBC,L,L,8,0,0,0,0,0,0,0,0,0,0,3.1,2.1
12,1185610753,D. Fritton,Dom Fritton,Fritton,Dom,P,North Carolina State University,NCST,730216448,North Carolina State,BBC,L,L,17,1,0,0,0,0,0,0,0,0,0,2.0,1.1
12,1239129600,D. Thompson,Danny Thompson,Thompson,Danny,P,UNC Greensboro,UNCG,730238720,UNC Greensboro,BBC,R,R,2,0,0,0,0,0,0,0,0,0,0,2.1,1.0
12,1092635904,C. Cosper,Colton Cosper,Cosper,Colton,P,Mercer University,MER,730240512,Mercer,BBC,L,L,15,2,0,0,0,0,0,0,0,0,0,2.1,2.1
12,1303094016,D. Stanley,Drew Stanley,Stanley,Drew,P,Radford University,RAD,730267392,Radford,BBC,R,R,8,0,0,0,0,0,0,0,0,0,0,1.1,1.1
12,1328140800,L. Knight,Logan Knight,Knight,Logan,P,North Dakota State University,NDSU,730343168,North Dakota State,BBC,R,R,15,2,2,0,0,0,0,0,0,0,0,4.0,4.0
12,1207792896,W. Ross,Will Ross,Ross,Will,P,University of North Florida,UNF,730296832,North Florida,BBC,R,R,13,0,0,0,0,0,0,0,0,0,0,3.2,1.1
12,1086409984,T. Bryan,Tyler Bryan,Bryan,Tyler,P,Northwestern State University,NWST,730255872,Northwestern State,BBC,R,R,14,0,0,0,0,0,0,0,0,0,0,2.0,2.0
12,1226682112,Z. Taylor,Zane Taylor,Taylor,Zane,P,UNC Wilmington,UNCW,730229504,UNC Wilmington,BBC,R,R,15,2,1,0,1,0,0,0,1,0,0,6.1,6.1
12,1192664576,R. DeSanto,Ryan DeSanto,DeSanto,Ryan,P,Penn State University,PSU,5326,Penn State,BBC,L,L,15,0,0,0,0,0,0,0,0,0,0,4.0,3.1
12,1267252480,G. Theis,Gavin Theis,Theis,Gavin,P,University of Wisconsin-Milwaukee,MILW,5036,Milwaukee,BBC,R,R,16,0,0,0,0,0,0,0,0,0,0,3.0,1.1
12,1195612672,B. Pruett,Brad Pruett,Pruett,Brad,P,East Carolina University,ECU,730270720,East Carolina,BBC,R,R,5,0,0,0,0,0,0,0,0,0,0,2.0,1.1
12,1238202112,K. Witherspoon,Kyson Witherspoon,Witherspoon,Kyson,P,University of Oklahoma,OKLA,730294528,Oklahoma,BBC,R,R,16,1,1,0,0,0,0,0,0,0,0,5.0,2.2
12,1208166656,L. Harrison,Luke Harrison,Harrison,Luke,P,University of Texas,TEX,245,Texas,BBC,L,L,15,0,0,0,0,0,0,0,0,0,0,3.0,2.2
12,1236990464,D. Reid,Dominick Reid,Reid,Dominick,P,Abilene Christian University,AC,730375936,Abilene Christian,BBC,R,R,15,0,0,0,0,0,0,0,0,0,0,4.2,2.1
12,1225968640,B. Moore,Ben Moore,Moore,Ben,P,Old Dominion University,ODU,3090,Old Dominion,BBC,L,L,12,0,0,0,0,0,0,0,0,0,0,4.0,2.2
12,1176554496,B. Morgan,Blake Morgan,Morgan,Blake,P,Old Dominion University,ODU,3090,Old Dominion,BBC,L,L,15,1,0,0,0,0,0,0,0,0,0,2.2,2.2
12,1203293440,B. Wilson,Bradley Wilson,Wilson,Bradley,P,Appalachian State University,APP,730240256,Appalachian State,BBC,R,R,0,0,0,0,0,0,0,0,0,0,0,0.0,0.0
12,1142086912,M. Gienger,Murphy Gienger,Gienger,Murphy,P,University of Northern Colorado,UNCO,730286592,Northern Colorado,BBC,R,R,13,1,0,0,0,0,0,0,0,0,0,3.0,2.0
12,1323373824,J. Story,Jake Storey,Story,Jake,P,University of Northern Colorado,UNCO,730286592,Northern Colorado,BBC,R,R,14,0,0,0,0,0,0,0,0,0,0,2.0,2.0
12,1152937984,I. Umlandt,Ian Umlandt,Umlandt,Ian,P,University of Oregon,ORE,4807,Oregon,BBC,L,L,5,1,0,0,0,0,0,0,0,0,0,1.2,1.2
12,1166285312,M. Coyne,Marty Coyne,Coyne,Marty,P,University of Pennsylvania,PENN,730292224,Pennsylvania,BBC,R,L,2,0,0,0,0,0,0,0,0,0,0,0.0,0.0
12,1311168256,F. Ciccone,Frank Ciccone,Ciccone,Frank,P,Saint Joseph's University,JOES,730332416,Saint Joseph's,BBC,R,R,14,0,0,0,0,0,0,0,0,0,0,3.2,2.2
12,1187058176,D. Stewart,Dylan Stewart,Stewart,Dylan,P,Pepperdine University,PEPP,730338304,Pepperdine,BBC,R,R,13,0,0,0,0,0,0,0,0,0,0,4.2,3.0
12,1187057664,T. Scavone,Tommy Scavone,Scavone,Tommy,P,Pepperdine University,PEPP,730338304,Pepperdine,BBC,R,R,12,0,0,0,0,0,0,0,0,0,0,2.2,1.0
12,1187053824,C. Gaston,Carter Gaston,Gaston,Carter,P,University of Portland,PORT,730360320,Portland,BBC,R,R,13,1,0,0,0,0,0,0,0,0,0,2.1,1.0
12,1099789056,H. Holcombe,Huxley Holcombe,Holcombe,Huxley,P,Cornell University,COR,730298624,Cornell,BBC,L,L,9,0,0,0,0,0,0,0,0,0,0,2.1,1.0
12,1296196608,M. Harpster,Michael Harpster,Harpster,Michael,P,East Tennessee State University,ETSU,4844,East Tennessee State,BBC,R,R,16,0,0,0,0,0,0,0,0,0,0,5.0,4.0
12,1184585728,L. Jurecka,Landry Jurecka,Jurecka,Landry,P,Queens University of Charlotte,QUC,754315264,Queens University of Charlotte,BBC,R,R,10,2,0,0,0,0,0,0,0,0,0,3.0,2.0
12,1313846272,D. Lavelle,Declan Lavelle,Lavelle,Declan,P,Elon University,ELON,730252544,Elon,BBC,R,R,15,1,1,0,0,0,0,0,0,0,0,5.0,2.1
12,1311169792,D. Hickson,Davion Hickson,Hickson,Davion,P,Rice University,RICE,2352,Rice,BBC,R,R,11,1,1,0,0,0,0,0,0,0,0,2.2,1.2
12,1084034304,E. Rodriguez,Esteban Rodriguez,Rodriguez,Esteban,P,University of Richmond,RICH,730171904,Richmond,BBC,R,R,14,0,0,0,0,0,0,0,0,0,0,1.1,0.2
12,1287083776,B. Young,Brian Young,Young,Brian,P,Rider University,RID,730174976,Rider,BBC,L,L,14,2,2,0,0,0,0,0,0,0,0,4.2,2.1
12,1239205376,M. Van Alstine,Marcus Van Alstine,Van Alstine,Marcus,P,Virginia Military Institute,VMI,730173440,VMI,BBC,R,R,3,0,0,0,0,0,0,0,0,0,0,1.0,1.0
12,1286256640,G. Rumary,Garvey Rumary,Rumary,Garvey,P,San Diego State University,SDSU,730218496,San Diego State,BBC,L,L,12,0,0,0,0,0,0,0,0,0,0,1.1,1.1
12,1306838784,S. Seid,Spencer Seid,Seid,Spencer,P,UC San Diego,UCSD,730348032,UC San Diego,BBC,L,L,5,0,0,0,0,0,0,0,0,0,0,4.0,0.2
12,1187051520,G. Barrett,Gabriel Barrett,Barrett,Gabriel,P,University of San Francisco,SF,730365696,San Francisco,BBC,R,R,10,0,0,0,0,0,0,0,0,0,0,2.1,2.1
12,1136002048,J. Soberon,Joe Soberon,Soberon,Joe,P,University of San Francisco,SF,730365696,San Francisco,BBC,R,R,9,0,0,0,0,0,0,0,0,0,0,2.1,1.1
12,1179432448,D. Delvecchio,Dylan Delvecchio,Delvecchio,Dylan,P,Saint Mary's College (CA),SMC,730288896,Saint Mary's,BBC,L,L,14,0,0,0,0,0,0,0,0,0,0,2.1,2.1
12,1257440000,J. Reitz,Jason Reitz,Reitz,Jason,P,University of Oregon,ORE,4807,Oregon,BBC,R,R,11,0,0,0,0,0,0,0,0,0,0,3.2,2.0
12,1258983680,M. Bayles,Max Bayles,Bayles,Max,P,Santa Clara University,SCU,730297600,Santa Clara,BBC,R,R,11,1,1,0,0,0,0,0,0,0,0,3.0,2.0
12,1112928512,S. Gonzalez,Sebastian Gonzalez,Gonzalez,Sebastian,P,"University of Hawaii, Manoa",HAW,730158848,Hawaii,BBC,L,L,10,0,0,0,0,0,0,0,0,0,0,2.1,2.1
12,1279379456,I. Magdaleno,Isaiah Magdaleno,Magdaleno,Isaiah,P,"University of Hawaii, Manoa",HAW,730158848,Hawaii,BBC,R,R,0,0,0,0,0,0,0,0,0,0,0,0.0,0.0
12,1085395712,E. Smink,Eddie Smink,Smink,Eddie,P,Stony Brook University,STON,730249984,Stony Brook,BBC,R,R,14,1,0,0,0,0,0,0,0,0,0,3.1,1.1
12,1092684544,M. Heer,Mitchell Heer,Heer,Mitchell,P,University of South Alabama,USA,730298880,South Alabama,BBC,R,R,9,0,0,0,0,0,0,0,0,0,0,2.1,2.1
12,1298785536,M. Kuhle,Max Kuhle,Kuhle,Max,P,James Madison University,JMU,730340096,James Madison,BBC,L,L,5,1,0,0,0,0,0,0,0,0,0,1.2,1.0
12,1248451072,W. Taylor,William Taylor,Taylor,William,P,Marist College,MRST,730374656,Marist,BBC,R,L,15,0,0,0,0,0,0,0,0,0,0,5.2,3.0
12,1307648256,J. Cebert,Jack Cebert,Cebert,Jack,P,Texas Tech University,TTU,2350,Texas Tech,BBC,R,R,2,0,0,0,0,0,0,0,0,0,0,1.1,0.2
12,1320920832,J. Volini,Joey Volini,Volini,Joey,P,Florida State University,FSU,101,Florida State,BBC,L,L,15,2,0,0,0,0,0,0,0,0,0,4.0,2.1
12,1296189440,T. Hartley,Tyler Hartley,Hartley,Tyler,P,Marist College,MRST,730374656,Marist,BBC,R,R,13,0,0,0,0,0,0,0,0,0,0,4.0,1.1
12,1263954688,J. Ford,Jermel Ford,Ford,Jermel,TWP,Alcorn State University,ALCN,5376,Alcorn State,BBC,L,L,14,0,0,0,0,0,0,0,0,0,0,2.1,0.2
12,1263546624,D. Thomas,David Thomas,Thomas,David,P,San Jose State University,SJSU,730206720,San Jose State,BBC,R,R,14,0,0,0,0,0,0,0,0,0,0,2.1,1.1
12,1162505216,I. May,Ian May,May,Ian,P,UCLA,UCLA,5048,UCLA,BBC,R,L,12,0,0,0,0,0,0,0,0,0,0,3.0,3.0
12,1123952128,G. Morris,Gavin Morris,Morris,Gavin,P,Indiana State University,INST,730350080,Indiana State,BBC,R,R,1,0,0,0,0,0,0,0,0,0,0,0.0,0.0
12,1084690944,Z. Wager,Zach Wager,Wager,Zach,P,University of Tennessee at Martin,UTM,730238976,UT Martin,BBC,R,L,11,0,0,0,0,0,0,0,0,0,0,2.1,1.2
12,1310590208,M. Heuer,Mac Heuer,Heuer,Mac,P,Texas Tech University,TTU,2350,Texas Tech,BBC,R,R,14,0,0,0,0,0,0,0,0,0,0,3.2,1.0
12,1099147776,R. Riojas,Ruger Riojas,Riojas,Ruger,P,University of Texas,TEX,245,Texas,BBC,R,R,10,0,0,0,0,0,0,0,0,0,0,1.1,1.1
12,1163548928,R. Orloski,Robert Orloski,Orloski,Robert,P,UTSA,UTSA,730373120,UTSA,BBC,R,R,0,0,0,0,0,0,0,0,0,0,0,0.0,0.0
12,1301147904,B. Owens,Braylon Owens,Owens,Braylon,P,UTSA,UTSA,730373120,UTSA,BBC,R,R,14,0,0,0,0,0,0,0,0,0,0,5.0,5.0
12,1111554816,Z. Royse,Zach Royse,Royse,Zach,P,UTSA,UTSA,730373120,UTSA,BBC,R,R,17,0,0,0,0,0,0,0,0,0,0,3.0,3.0
12,1146369280,Z. Longshore,Zach Longshore,Longshore,Zach,P,University of New Orleans,UNO,5380,New Orleans,BBC,L,L,13,0,0,0,0,0,0,0,0,0,0,3.0,3.0
12,1195551232,C. Myles,Conor Myles,Myles,Conor,P,UTSA,UTSA,730373120,UTSA,BBC,L,L,17,0,0,0,0,0,0,0,0,0,0,4.1,2.1
12,1136097280,A. Stanley,Andrew Stanley,Stanley,Andrew,P,The Citadel,CIT,730366720,The Citadel,BBC,R,R,10,0,0,0,0,0,0,0,0,0,0,5.1,1.2
12,1195467264,M. Martinez,Mason Martinez,Martinez,Mason,P,Grambling State University,GRAM,5378,Grambling State,BBC,R,R,16,0,0,0,0,0,0,0,0,0,0,3.2,2.1
12,1302428416,J. McCoy,Jake McCoy,McCoy,Jake,P,University of South Carolina,SCAR,730348544,South Carolina,BBC,L,L,14,0,0,0,0,0,0,0,0,0,0,5.0,0.2
12,1316364032,S. Stearns,Spencer Stearns,Stearns,Spencer,P,Southern Illinois Univ.-Edwardsville,SIUE,730298112,SIU Edwardsville,BBC,R,R,13,0,0,0,0,0,0,0,0,0,0,2.0,2.0
12,1279246592,J. LaBoy,Jorhan LaBoy,LaBoy,Jorhan,P,Alabama State University,ALST,4765,Alabama State,BBC,L,L,12,2,0,0,0,0,0,0,0,0,0,2.1,2.1
12,1279310848,L. Stump,Landon Stump,Stump,Landon,P,UCLA,UCLA,5048,UCLA,BBC,R,R,18,0,0,0,0,0,0,0,0,0,0,4.1,2.0
12,1254299136,J. Flora,Jackson Flora,Flora,Jackson,P,UC Santa Barbara,UCSB,730364160,UC Santa Barbara,BBC,R,R,11,1,1,0,0,0,0,0,0,0,0,4.0,3.0
12,1277191168,M. Dalquist,Matthew Dalquist,Dalquist,Matthew,P,UC San Diego,UCSD,730348032,UC San Diego,BBC,S,R,14,0,0,0,0,0,0,0,0,0,0,2.0,1.1
12,1251300352,I. Takemoto,Itsuki Takemoto,Takemoto,Itsuki,P,"University of Hawaii, Manoa",HAW,730158848,Hawaii,BBC,L,R,14,0,0,0,0,0,0,0,0,0,0,1.2,1.2
12,1310349568,H. Bodendorf,Harrison Bodendorf,Bodendorf,Harrison,P,Oklahoma State University,OKST,4245,Oklahoma State,BBC,R,L,16,1,0,0,0,0,0,0,0,0,0,3.2,1.1
12,1192573184,M. Barnett,Michael Barnett,Barnett,Michael,P,UCLA,UCLA,5048,UCLA,BBC,R,R,14,0,0,0,0,0,0,0,0,0,0,4.0,2.0
12,1195482112,M. Jones,Merit Jones,Jones,Merit,P,University of Utah,UTAH,730328320,Utah,BBC,R,R,14,0,0,0,0,0,0,0,0,0,0,2.2,1.1
12,1297541376,C. McAnelly,Colter McAnelly,McAnelly,Colter,P,University of Utah,UTAH,730328320,Utah,BBC,R,R,14,1,0,0,0,0,0,0,0,0,0,2.2,2.1
12,1311025920,J. Thomas,Jackson Thomas,Thomas,Jackson,P,University of Washington,WASH,3110,Washington,BBC,R,R,13,0,0,0,0,0,0,0,0,0,0,4.1,1.1
12,1162538496,C. Lockwood,Connor Lockwood,Lockwood,Connor,P,Valparaiso University,VALP,730369536,Valparaiso,BBC,R,R,14,2,0,0,0,0,0,0,0,0,0,1.2,1.1
12,1311176448,J. Ruzicka,Joe Ruzicka,Ruzicka,Joe,P,Belmont University,BEL,730190336,Belmont,BBC,R,R,15,1,1,0,0,0,0,0,0,0,0,3.0,3.0
12,1311366656,S. Hliboki,Sam Hliboki,Hliboki,Sam,P,Northwestern University,NW,730247680,Northwestern,BBC,L,R,12,1,0,0,0,0,0,0,0,0,0,2.2,2.1
12,1139726080,C. Book,Colton Book,Book,Colton,P,Saint Joseph's University,JOES,730332416,Saint Joseph's,BBC,R,L,14,1,1,0,1,0,0,0,0,0,0,6.1,5.0
12,1296173568,J. Kelley,Jack Kelley,Kelley,Jack,P,University of Akron,AKR,540536064,Akron,BBC,R,R,11,0,0,0,0,0,0,0,0,0,0,2.1,1.0
12,1332852737,D. Revis,Dustin Revis,Revis,Dustin,P,Western Carolina University,WCU,730278144,Western Carolina,BBC,R,R,15,0,0,0,0,0,0,0,0,0,0,3.0,1.2
12,1105525504,O. Sarna,Owen Sarna,Sarna,Owen,P,Winthrop University,WIN,730294784,Winthrop,BBC,R,R,10,0,0,0,0,0,0,0,0,0,0,4.0,2.0
12,1162333952,M. Pesca,Mario Pesca,Pesca,Mario,P,Oklahoma State University,OKST,4245,Oklahoma State,BBC,R,R,8,0,0,0,0,0,0,0,0,0,0,3.1,3.1
12,1306777856,C. Shaw,Colton Shaw,Shaw,Colton,P,Yale University,YALE,730334464,Yale,BBC,R,R,12,0,0,0,1,1,0,0,0,0,0,7.0,4.0
12,1227038720,E. Brown,Eli Brown,Brown,Eli,P,Lindenwood University,LU,730322176,Lindenwood,BBC,R,L,15,1,1,0,1,1,0,0,0,0,0,7.2,3.2
12,1229117952,Z. Willingham,Zach Willingham,Willingham,Zach,P,University of South Alabama,USA,730298880,South Alabama,BBC,L,L,12,0,0,0,0,0,0,0,0,0,0,4.1,1.0
12,1092369664,A. Morin,Alistair Morin,Morin,Alistair,P,Siena College,SIE,730382592,Siena,BBC,R,R,15,0,0,0,0,0,0,0,0,0,0,5.0,2.1
12,1130326784,I. Silva,Isaac Silva,Silva,Isaac,P,Murray State University,MURR,730188032,Murray State,BBC,R,R,16,1,0,0,0,0,0,0,0,0,0,5.0,2.1
12,1216810752,J. Harris,Jaden Harris,Harris,Jaden,P,Brigham Young University,BYU,730257152,BYU,BBC,R,R,13,0,0,0,0,0,0,0,0,0,0,4.2,1.0
12,1238157312,O. Kramkowski,Owen Kramkowski,Kramkowski,Owen,P,University of Arizona,ARIZ,232,Arizona,BBC,R,R,18,0,0,0,0,0,0,0,0,0,0,4.1,2.1
12,1162504960,D. Case,David Case,Case,David,P,University of Memphis,MEM,730172160,Memphis,BBC,L,L,14,0,0,0,0,0,0,0,0,0,0,1.2,1.2
12,1138165504,C. Aoki,Caden Aoki,Aoki,Caden,P,University of Southern California,USC,5047,USC,BBC,R,R,16,1,0,0,1,1,0,0,0,0,0,7.0,3.1
12,1303346688,A. Solis,Anthony Solis,Solis,Anthony,P,Eastern Illinois University,EIU,730271744,Eastern Illinois,BBC,R,R,12,0,0,0,0,0,0,0,0,0,0,2.1,2.1
12,1198512384,J. Wells,Jackson Wells,Wells,Jackson,P,Little Rock,UALR,730217472,Little Rock,BBC,R,R,16,1,0,0,0,0,0,0,0,0,0,4.0,1.1
12,1340662528,P. Brown,Peyton Brown,Brown,Peyton,P,Campbell University,CAMP,730187776,Campbell,BBC,R,R,5,0,0,0,0,0,0,0,0,0,0,3.0,1.2
12,1239591168,T. Kapraun,Tyler Kapraun,Kapraun,Tyler,P,Eastern Illinois University,EIU,730271744,Eastern Illinois,BBC,L,L,15,0,0,0,0,0,0,0,0,0,0,3.1,2.1
12,1264174592,E. Elliott,Eric Elliott,Elliott,Eric,P,Jackson State University,JKST,730378240,Jackson State,BBC,L,L,13,1,0,0,0,0,0,0,0,0,0,4.1,2.1
12,1330492928,R. Long,Richard Long,Long,Richard,P,Jacksonville University,JAC,730335488,Jacksonville,BBC,R,R,15,2,0,0,0,0,0,0,0,0,0,3.1,3.1
12,1132708864,N. Edders,Noah Edders,Edders,Noah,P,Troy University,TROY,730378496,Troy,BBC,R,R,14,1,0,0,0,0,0,0,0,0,0,5.0,3.2
12,1152901632,C. Keel,Christian Keel,Keel,Christian,P,Brown University,BRWN,730236160,Brown,BBC,R,R,10,1,0,0,0,0,0,0,0,0,0,1.0,1.0
12,1121725952,J. Sheets,Joe Sheets,Sheets,Joe,P,Columbia University,CLMB,730319104,Columbia,BBC,R,R,13,0,0,0,0,0,0,0,0,0,0,2.2,2.0
12,1211982848,S. Gottam,Santhosh Gottam,Gottam,Santhosh,P,Brown University,BRWN,730236160,Brown,BBC,R,R,11,1,0,0,0,0,0,0,0,0,0,3.0,1.1
12,1336664320,J. Gilleran,James Gilleran,Gilleran,Jimmy,P,Stonehill College,SC,730238464,Stonehill,BBC,R,R,14,0,0,0,0,0,0,0,0,0,0,4.2,2.2
12,1097715200,E. Gialloreto,Eric Gialloreto,Gialloreto,Eric,P,Iona College,IONA,730242048,Iona,BBC,R,R,14,1,0,0,0,0,0,0,0,0,0,1.2,1.2
12,1162573312,A. Payamps,Andrelys Payamps,Payamps,Andrelys,P,Iona College,IONA,730242048,Iona,BBC,R,R,12,0,0,0,0,0,0,0,0,0,0,3.0,2.0
12,1143021312,G. Gambradella,Gianni Gambradella,Gambradella,Gianni,P,University of Maine,ME,730275840,Maine,BBC,R,R,10,0,0,0,0,0,0,0,0,0,0,1.2,1.1
12,1135887872,J. Martinez,Joshua Martinez,Martinez,Joshua,P,UC Riverside,UCRV,730281728,UC Riverside,BBC,L,L,7,0,0,0,0,0,0,0,0,0,0,2.0,1.2
12,1196329728,A. Perez,Adan Perez,Perez,Adan,P,University of the Pacific,PAC,730386944,Pacific,BBC,R,R,13,0,0,0,0,0,0,0,0,0,0,3.0,3.0
12,1211049217,K. Pallares,Kenji Pallares,Pallares,Kenji,P,Loyola Marymount University,LMU,730149120,Loyola Marymount,BBC,R,R,14,0,0,0,0,0,0,0,0,0,0,4.1,1.0
12,1080345600,N. Valdez,Noel Valdez,Valdez,Noel,P,UC Davis,UCD,730153984,UC Davis,BBC,R,R,14,0,0,0,0,0,0,0,0,0,0,2.0,2.0
12,1311043840,P. Consigli,Peyton Consigli,Consigli,Peyton,P,Canisius College,CAN,730218752,Canisius,BBC,L,R,5,0,0,0,0,0,0,0,0,0,0,1.0,1.0
12,1164663040,F. Morin,Felix Morin,Morin,Felix,P,Canisius College,CAN,730218752,Canisius,BBC,L,L,6,0,0,0,0,0,0,0,0,0,0,1.0,0.2
12,1115419904,J. Bergman,Jackson Bergman,Bergman,Jackson,P,University of Toledo,TOL,5388,Toledo,BBC,L,R,16,0,0,0,0,0,0,0,0,0,0,3.2,3.2
12,1105517312,D. Munn,Drew Munn,Munn,Drew,P,Central Connecticut State University,CCSU,730306816,Central Connecticut State,BBC,R,R,14,3,1,0,0,0,0,0,0,0,0,4.0,4.0
12,1288366848,K. Straily,Kaden Straily,Straily,Kaden,P,Coppin State University,COPP,730194176,Coppin State,BBC,R,R,13,1,1,0,0,0,0,0,0,0,0,4.2,1.1
12,1288367360,A. Elges,Alek Elges,Elges,Alek,P,Longwood University,LONG,730219264,Longwood,BBC,R,R,5,0,0,0,0,0,0,0,0,0,0,0.2,0.2
12,1340724736,R. Rivera,Reagan Rivera,Rivera,Reagan,P,Coppin State University,COPP,730194176,Coppin State,BBC,R,R,14,0,0,0,0,0,0,0,0,0,0,4.2,1.1
12,1281129472,C. Martindale,Cam Martindale,Martindale,Cam,P,Saint Peter's University,SPC,730149888,Saint Peter's,BBC,R,R,6,0,0,0,0,0,0,0,0,0,0,2.2,1.1
12,1296521728,K. Segel,Kaden Segel,Segel,Kaden,P,University of Portland,PORT,730360320,Portland,BBC,R,R,6,0,0,0,0,0,0,0,0,0,0,1.2,1.2
12,1114614016,C. Moore,Chance Moore,Moore,Chance,P,St. Bonaventure University,SBON,730375424,St. Bonaventure,BBC,R,R,11,1,0,0,0,0,0,0,0,0,0,2.0,2.0
12,1133388800,R. Packard,Ryan Packard,Packard,Ryan,P,Binghamton University,BING,730155776,Binghamton,BBC,R,R,14,0,0,0,0,0,0,0,0,0,0,5.2,2.0
12,1154111488,C. Peguero,Chris Peguero,Peguero,Chris,P,University of Dayton,DAY,730194688,Dayton,BBC,R,R,14,0,0,0,0,0,0,0,0,0,0,2.1,2.0
12,1324687616,J. Skapinetz,Joe Skapinetz,Skapinetz,Joe,P,Lafayette College,LAF,730217728,Lafayette,BBC,R,R,12,1,0,0,0,0,0,0,0,0,0,1.1,1.1
12,1158279680,B. Frederick,Brady Frederick,Frederick,Brady,P,East Tennessee State University,ETSU,4844,East Tennessee State,BBC,R,R,0,0,0,0,0,0,0,0,0,0,0,0.0,0.0
12,1188014592,T. Pauley,Truman Pauley,Pauley,Truman,P,Harvard University,HARV,5450,Harvard,BBC,R,R,12,0,0,0,2,1,1,0,0,0,0,8.1,2.0
12,1310893568,C. Plummer,Caden Plummer,Plummer,Caden,P,Virginia Military Institute,VMI,730173440,VMI,BBC,R,R,10,1,0,0,0,0,0,0,0,0,0,1.0,1.0
12,1178715648,S. Heyman,Sam Heyman,Heyman,Sam,P,Southeast Missouri State University,SEMO,730168576,Southeast Missouri State,BBC,R,R,14,0,0,0,0,0,0,0,0,0,0,3.0,1.1
12,1330401536,B. Baker,Bowen Baker,Baker,Bowen,P,Fairfield University,FAIR,730380544,Fairfield,BBC,L,L,15,2,0,0,0,0,0,0,0,0,0,1.2,1.0
12,1201255936,T. Conklin,Tyler Conklin,Conklin,Tyler,P,Eastern Illinois University,EIU,730271744,Eastern Illinois,BBC,R,R,11,0,0,0,0,0,0,0,0,0,0,4.1,3.0
12,1162110976,C. Mayfield,Carson Mayfield,Mayfield,Carson,P,Cornell University,COR,730298624,Cornell,BBC,R,R,11,0,0,0,1,0,0,0,0,0,0,6.0,4.0
12,1110024960,C. Bowker,Cody Bowker,Bowker,Cody,P,Vanderbilt University,VAN,5046,Vanderbilt,BBC,R,R,16,0,0,0,0,0,0,0,0,0,0,5.0,2.2
12,1310416128,L. Finley,Leighton Finley,Finley,Leighton,P,University of Georgia,UGA,226,Georgia,BBC,R,R,14,0,0,0,0,0,0,0,0,0,0,4.2,2.0
12,1311844864,C. Edmondson,Clay Edmondson,Edmondson,Clay,P,UNC Asheville,UNCA,1570,UNC Asheville,BBC,R,R,13,0,0,0,0,0,0,0,0,0,0,2.1,2.1
12,1294976512,J. Thompson,JD Thompson,Thompson,JD,P,Vanderbilt University,VAN,5046,Vanderbilt,BBC,R,L,16,0,0,0,0,0,0,0,0,0,0,3.2,2.2
12,1207755520,J. Gehring,Jacob Gehring,Gehring,Jacob,P,Youngstown State University,YSU,730284544,Youngstown State,BBC,R,R,12,0,0,0,0,0,0,0,0,0,0,2.0,2.0
12,1079520512,E. Garcia,EJ Garcia,Garcia,EJ,P,University of the Incarnate Word,IW,730225152,Incarnate Word,BBC,R,R,4,0,0,0,0,0,0,0,0,0,0,1.1,1.1
12,1296205056,M. Kruzan,Marcus Kruzan,Kruzan,Marcus,P,University of St. Thomas (Minn.),UOST,730200320,University of St. Thomas (Minn.),BBC,R,R,13,1,0,0,0,0,0,0,0,0,0,2.0,1.2
12,1334326016,W. Retz,Walker Retz,Retz,Walker,P,University of St. Thomas (Minn.),UOST,730200320,University of St. Thomas (Minn.),BBC,R,R,12,0,0,0,0,0,0,0,0,0,0,1.1,1.1
12,1153707520,M. McEwen,Max McEwen,McEwen,Max,P,Indiana State University,INST,730350080,Indiana State,BBC,R,R,10,0,0,0,0,0,0,0,0,0,0,5.1,2.0
12,1286570752,J. Kartsonas,Jack Kartsonas,Kartsonas,Jack,P,West Virginia University,WVU,5327,West Virginia,BBC,R,R,9,0,0,0,0,0,0,0,0,0,0,3.0,3.0
12,1310641921,G. Jones,Gavin Jones,Jones,Gavin,P,Kent State University,KENT,730315008,Kent State,BBC,R,R,15,0,0,0,0,0,0,0,0,0,0,2.2,2.0
12,1098310656,J. Bean,Jacob Bean,Bean,Jacob,P,Kent State University,KENT,730315008,Kent State,BBC,R,R,15,0,0,0,0,0,0,0,0,0,0,4.0,2.0
12,1183062528,A. Heffernan,Andrew Heffernan,Heffernan,Andrew,P,Merrimack College,MRMK,730295552,Merrimack,BBC,R,R,12,1,0,0,0,0,0,0,0,0,0,3.0,2.0
12,1080702208,H. Dow,Haden Dow,Dow,Haden,P,Southeast Missouri State University,SEMO,730168576,Southeast Missouri State,BBC,L,L,14,1,1,0,0,0,0,0,0,0,0,3.0,3.0
12,1160666624,M. Patton,Myles Patton,Patton,Myles,P,Texas A&M University,TXAM,3032,Texas A&M,BBC,L,L,15,0,0,0,0,0,0,0,0,0,0,3.1,3.1
12,1254309120,O. Geiss,Owen Geiss,Geiss,Owen,P,Long Beach State University,LBSU,730224128,Long Beach State,BBC,R,R,11,0,0,0,0,0,0,0,0,0,0,1.1,1.1
12,1332975104,D. Cohen,Daniel Cohen,Cohen,Daniel,P,Yale University,YALE,730334464,Yale,BBC,R,R,12,0,0,0,0,0,0,0,0,0,0,1.2,1.2
12,1198583040,C. Powers,Callen Powers,Powers,Callen,P,University of Massachusetts,MASS,5451,UMass,BBC,R,R,14,1,0,0,1,0,0,0,0,0,0,6.0,2.2
12,1128523264,C. Wylde,Connor Wylde,Wylde,Connor,P,New Mexico State University,NMSU,730302720,New Mexico State,BBC,L,L,7,1,1,0,0,0,0,0,0,0,0,4.0,2.0
12,1218298624,H. Pidek,Hunter Pidek,Pidek,Hunter,P,Oakland University,OAK,5386,Oakland,BBC,R,R,15,2,0,0,0,0,0,0,0,0,0,4.1,3.1
12,1334270720,N. Johnson,Nolan Johnson,Johnson,Nolan,P,North Dakota State University,NDSU,730343168,North Dakota State,BBC,L,L,16,0,0,0,0,0,0,0,0,0,0,5.2,5.2
12,1282555136,P. Gardner,Patrick Gardner,Gardner,Patrick,P,University of Pittsburgh,PITT,5424,Pittsburgh,BBC,L,L,14,0,0,0,0,0,0,0,0,0,0,2.2,1.2
12,1100074752,D. James,David James,James,David,P,St. Bonaventure University,SBON,730375424,St. Bonaventure,BBC,R,R,10,0,0,0,0,0,0,0,0,0,0,3.2,2.1
12,1136816896,T. Brachbill,Ty Brachbill,Brachbill,Ty,P,Northern Illinois University,NIU,730386176,Northern Illinois,BBC,R,R,13,0,0,0,0,0,0,0,0,0,0,3.0,2.2
12,1207768064,B. Mikos,Brandon Mikos,Mikos,Brandon,P,Youngstown State University,YSU,730284544,Youngstown State,BBC,R,R,11,0,0,0,0,0,0,0,0,0,0,1.1,1.0
12,1169302528,G. Grinsell,Grayson Grinsell,Grinsell,Grayson,P,University of Oregon,ORE,4807,Oregon,BBC,L,L,16,3,1,0,0,0,0,0,0,0,0,2.1,2.1
12,1303446784,C. Clarke,Collin Clarke,Clarke,Collin,P,University of Oregon,ORE,4807,Oregon,BBC,R,R,13,0,0,0,0,0,0,0,0,0,0,2.0,1.2
12,1269484032,A. Steinhaus,Andrew Steinhaus,Steinhaus,Andrew,P,Radford University,RAD,730267392,Radford,BBC,R,R,8,0,0,0,0,0,0,0,0,0,0,1.1,0.2
12,1212300033,N. George,Nolan George,George,Nolan,P,San Jose State University,SJSU,730206720,San Jose State,BBC,R,R,4,1,0,0,0,0,0,0,0,0,0,4.0,3.0
12,1292501760,R. Grace,Ranard Grace,Grace,Ranard,P,Southern University,SOU,4767,Southern,BBC,L,L,12,2,0,0,0,0,0,0,0,0,0,3.2,3.2
12,1336116224,J. Cunningham,Josh Cunningham,Cunningham,Josh,P,Saint Louis University,SLU,2291,St. Louis,BBC,R,R,12,1,0,0,0,0,0,0,0,0,0,3.1,3.0
12,1172425216,O. Kelly,Owen Kelly,Kelly,Owen,P,Saint Louis University,SLU,2291,St. Louis,BBC,R,R,15,0,0,0,0,0,0,0,0,0,0,2.2,2.2
12,1130372096,C. Harris,Connor Harris,Harris,Connor,P,Winthrop University,WIN,730294784,Winthrop,BBC,R,R,15,0,0,0,0,0,0,0,0,0,0,3.2,2.1
12,1254189056,N. Rizzo,Nicholas Rizzo,Rizzo,Nicholas,P,Stony Brook University,STON,730249984,Stony Brook,BBC,L,L,9,0,0,0,0,0,0,0,0,0,0,3.0,3.0
12,1163175424,C. Kennedy,Colton Kennedy,Kennedy,Colton,P,Utah Valley University,UVU,730263552,Utah Valley,BBC,R,R,14,0,0,0,1,1,0,0,0,0,0,7.1,2.2
12,1214276096,T. Levesque,Trystan Levesque,Levesque,Trystan,P,University of Rhode Island,URI,730163712,Rhode Island,BBC,L,L,16,0,0,0,0,0,0,0,0,0,0,5.1,1.2
12,1290508544,J. Bennett,Jack Bennett,Bennett,Jack,P,Western Kentucky University,WKU,730212096,Western Kentucky,BBC,R,R,14,0,0,0,0,0,0,0,0,0,0,2.0,1.0
12,1334000896,C. Allen,Cam Allen,Allen,Cam,P,Wright State University,WRST,5390,Wright State,BBC,R,R,13,0,0,0,1,0,0,0,0,0,0,6.0,3.0
12,1099691264,R. Quick,Riley Quick,Quick,Riley,P,University of Alabama,ALA,730206976,Alabama,BBC,R,R,14,0,0,0,0,0,0,0,0,0,0,3.1,2.0
12,1263423232,J. Lloyd,Jaxon Lloyd,Lloyd,Jaxon,P,Virginia Military Institute,VMI,730173440,VMI,BBC,L,L,13,0,0,0,0,0,0,0,0,0,0,3.2,3.2
12,1342168472,T. Williams,Tyrell Williams,Williams,Tyrell,P,Presbyterian College,PRE,730184192,Presbyterian,BBC,R,R,8,0,0,0,0,0,0,0,0,0,0,4.0,4.0
12,1319265024,E. Bates,Ethan Bates,Bates,Ethan,P,Grambling State University,GRAM,5378,Grambling State,BBC,R,L,1,0,0,0,0,0,0,0,0,0,0,0.1,0.1
12,1132673280,G. Adler,Grant Adler,Adler,Grant,P,Wichita State University,WICH,730203904,Wichita State,BBC,R,R,15,1,0,0,0,0,0,0,0,0,0,3.1,3.1
12,1342168677,C. Scolari,Cal Scolari,Scolari,Cal,P,University of San Diego,USD,5320,San Diego,BBC,R,R,15,0,0,0,0,0,0,0,0,0,0,3.0,2.2
12,1683462800,C. McClendon,Calvin McClendon,McClendon,Calvin,P,Texas Southern University,TXSO,4768,Texas Southern,BBC,L,L,15,1,1,0,0,0,0,0,0,0,0,3.1,3.1
12,1107750912,C. Cross,Caleb Cross,Cross,Caleb,P,Appalachian State University,APP,730240256,Appalachian State,BBC,R,R,14,3,1,0,1,1,0,0,0,0,0,7.0,2.0
12,1276589824,M. Adams,Matthew Adams,Adams,Matthew,P,The University of Southern Mississippi,USM,730246656,Southern Miss,BBC,R,R,17,1,1,0,1,0,0,0,0,0,0,6.1,2.2
12,1404703032,G. Sumner,Garrison Sumner,Sumner,Garrison,P,Brigham Young University,BYU,730257152,BYU,BBC,R,R,11,0,0,0,0,0,0,0,0,0,0,2.0,1.1
12,1564722927,A. Sparks,Alec Sparks,Sparks,Alec,P,Nicholls State University,NICH,730284032,Nicholls State,BBC,R,R,12,1,0,0,0,0,0,0,0,0,0,4.1,1.1
12,1481247285,R. Borberg,Ryan Borberg,Borberg,Ryan,P,Dallas Baptist University,DBU,730198016,Dallas Baptist,BBC,R,R,15,0,0,0,0,0,0,0,0,0,0,3.1,2.1
12,1201053184,G. Braunecker,Gavin Braunecker,Braunecker,Gavin,P,Austin Peay State University,PEAY,730219520,Austin Peay,BBC,L,L,6,1,1,0,0,0,0,0,0,0,0,2.2,1.1
12,1660995022,N. Schutte,Nic Schutte,Schutte,Nic,P,Murray State University,MURR,730188032,Murray State,BBC,R,R,16,1,0,0,0,0,0,0,0,0,0,2.1,1.1
12,1102896128,J. Gonzalez,Jonathan Gonzalez,Gonzalez,Jonathan,P,Stetson University,STET,730261504,Stetson,BBC,L,L,15,1,1,0,0,0,0,0,0,0,0,2.0,2.0
12,1301684992,C. Fitzgerald,Colin Fitzgerald,Fitzgerald,Colin,P,University of Maine,ME,730275840,Maine,BBC,R,R,14,1,0,0,0,0,0,0,0,0,0,3.0,3.0
12,1309474816,C. Leys,Caleb Leys,Leys,Caleb,P,University of Maine,ME,730275840,Maine,BBC,R,L,14,1,1,0,1,0,0,0,1,0,0,6.0,6.0
12,1294172672,B. Magovern,Ben Magovern,Magovern,Ben,P,Bucknell University,BUCK,730214144,Bucknell,BBC,L,L,11,0,0,0,0,0,0,0,0,0,0,4.0,1.2
12,1211070976,B. Grable,Ben Grable,Grable,Ben,P,"Indiana University, Bloomington",IND,4866,Indiana,BBC,R,R,11,0,0,0,0,0,0,0,0,0,0,2.2,2.1
12,1909941695,O. Pudvar,Oliver Pudvar,Pudvar,Oliver,P,University of Connecticut,CONN,5486,Connecticut,BBC,L,L,12,0,0,0,0,0,0,0,0,0,0,2.0,2.0
12,1142669377,J. Murray,Jake Murray,Murray,Jake,P,Campbell University,CAMP,730187776,Campbell,BBC,L,L,15,0,0,0,1,0,0,0,0,0,0,6.0,1.2
12,1297348096,K. McCoy,Kyle McCoy,McCoy,Kyle,P,University of Maryland-College Park,MD,730172928,Maryland,BBC,L,L,14,0,0,0,0,0,0,0,0,0,0,1.1,1.1
12,1521413935,C. Linn,Conner Linn,Linn,Conner,P,Northern Kentucky University,NKU,730230272,Northern Kentucky,BBC,L,L,15,0,0,0,0,0,0,0,0,0,0,2.1,2.1
12,1290248192,J. Knapp,Jake Knapp,Knapp,Jake,P,University of North Carolina,UNC,730181888,North Carolina,BBC,R,R,15,2,0,0,0,0,0,0,0,0,0,4.1,2.1
12,1859897718,A. Walsh,Alex Walsh,Walsh,Alex,P,Jacksonville University,JAC,730335488,Jacksonville,BBC,L,L,13,0,0,0,0,0,0,0,0,0,0,2.0,2.0
12,1255708160,J. Morrison,Jacob Morrison,Morrison,Jacob,P,Coastal Carolina University,CCAR,4104,Coastal Carolina,BBC,R,R,18,0,0,0,0,0,0,0,0,0,0,5.0,5.0
12,1108493568,T. Nemjo,Tristan Nemjo,Nemjo,Tristan,P,Hofstra University,HOF,730245120,Hofstra,BBC,R,R,15,1,0,0,0,0,0,0,0,0,0,4.0,2.2
12,1497321367,M. Sipila,Marko Sipila,Sipila,Marko,P,San Diego State University,SDSU,730218496,San Diego State,BBC,R,R,12,0,0,0,0,0,0,0,0,0,0,3.2,1.1
12,1950260205,M. Diforte,Michael Diforte,Diforte,Michael,P,Saint Peter's University,SPC,730149888,Saint Peter's,BBC,R,R,8,1,0,0,0,0,0,0,0,0,0,3.0,2.2
12,1238131200,J. Gatti,J.J. Gatti,Gatti,J.J.,P,University of Dayton,DAY,730194688,Dayton,BBC,R,R,15,0,0,0,0,0,0,0,0,0,0,4.2,4.0
12,1742320429,M. Vaisvila,Max Vaisvila,Vaisvila,Max,P,Northern Illinois University,NIU,730386176,Northern Illinois,BBC,L,L,11,1,0,0,0,0,0,0,0,0,0,1.1,1.0
12,1326983680,K. Echeman,Kaden Echeman,Echeman,Kaden,P,Northern Kentucky University,NKU,730230272,Northern Kentucky,BBC,R,R,8,0,0,0,0,0,0,0,0,0,0,4.1,4.1
12,1184585216,C. Rothermel,Collin Rothermel,Rothermel,Collin,P,Jacksonville University,JAC,730335488,Jacksonville,BBC,R,R,15,0,0,0,0,0,0,0,0,0,0,3.2,3.2
12,1604541126,T. Hillen,Trent Hillen,Hillen,Trent,P,Northwestern State University,NWST,730255872,Northwestern State,BBC,R,R,14,1,1,0,0,0,0,0,0,0,0,2.0,2.0
12,1192860928,J. Phipps,Jackson Phipps,Phipps,Jackson,P,Jacksonville State University,JVST,730225408,Jacksonville State,BBC,L,L,15,1,0,0,0,0,0,0,0,0,0,4.1,4.1
12,1248478720,N. Parache,Nuno Parache,Parache,Nuno,P,Nicholls State University,NICH,730284032,Nicholls State,BBC,R,R,9,1,1,0,0,0,0,0,0,0,0,2.2,2.1
12,1656682756,N. Finarelli,Nick Finarelli,Finarelli,Nick,P,Long Island University-Brooklyn,LIU,730352896,LIU Brooklyn,BBC,R,R,15,3,0,0,0,0,0,0,0,0,0,4.1,1.2
12,1204042240,H. Elliott,Hunter Elliott,Elliott,Hunter,P,University of Mississippi,MISS,5322,Ole Miss,BBC,L,L,16,0,0,0,0,0,0,0,0,0,0,3.1,2.1
12,1937598904,D. Boruff,Dalton Boruff,Boruff,Dalton,P,Eastern Illinois University,EIU,730271744,Eastern Illinois,BBC,R,R,1,0,0,0,0,0,0,0,0,0,0,1.0,1.0
12,1102217472,H. Phelps,Holden Phelps,Phelps,Holden,P,Siena College,SIE,730382592,Siena,BBC,R,R,13,0,0,0,0,0,0,0,0,0,0,3.1,3.0
12,1220541184,H. Cain,Harry Cain,Cain,Harry,P,Kennesaw State University,KENN,730197504,Kennesaw State,BBC,R,R,10,0,0,0,0,0,0,0,0,0,0,4.1,2.0
12,1185097984,C. Braun,Corey Braun,Braun,Corey,P,University of South Florida,USF,2292,South Florida,BBC,L,L,15,1,1,0,0,0,0,0,0,0,0,4.1,3.1
12,1739007204,B. Weber,Ben Weber,Weber,Ben,P,University of Nebraska-Omaha,NEOM,730235648,Omaha,BBC,R,R,14,0,0,0,0,0,0,0,0,0,0,3.2,1.0
12,1434544801,V. Loa,Victor Loa,Loa,Victor,P,University of Texas Rio Grande Valley,UTRGV,730192128,UT Rio Grande Valley,BBC,L,L,14,0,0,0,0,0,0,0,0,0,0,4.0,1.2
12,1661534629,S. Lavin,Sam Lavin,Lavin,Sam,P,George Mason University,GMU,730265088,George Mason,BBC,L,R,8,0,0,0,0,0,0,0,0,0,0,1.2,1.1
12,1885727262,M. Vallone,Michael Vallone,Vallone,Michael,P,Purdue University,PUR,730353152,Purdue,BBC,L,L,2,0,0,0,0,0,0,0,0,0,0,0.1,0.1
12,1202396160,M. Gosztola,Miles Gosztola,Gosztola,Miles,P,Gonzaga University,GONZ,730200832,Gonzaga,BBC,L,L,15,0,0,0,0,0,0,0,0,0,0,4.1,4.0
12,1854940930,H. Deliyannis,Harry Deliyannis,Deliyannis,Harry,P,Valparaiso University,VALP,730369536,Valparaiso,BBC,R,R,11,1,0,0,0,0,0,0,0,0,0,2.0,1.0
12,1244431523,T. Kapa,Tyler Kapa,Kapa,Tyler,P,Eastern Michigan University,EMU,5385,Eastern Michigan,BBC,R,R,14,1,0,0,0,0,0,0,0,0,0,4.2,2.2
12,1446535769,E. Pena,Esaid Pena,Pena,Esaid,P,Alabama State University,ALST,4765,Alabama State,BBC,R,R,16,0,0,0,0,0,0,0,0,0,0,2.2,1.2
12,1749819658,B. Kimball,Blake Kimball,Kimball,Blake,P,University of Southern Indiana,SIND,730288640,Southern Indiana,BBC,R,R,12,0,0,0,0,0,0,0,0,0,0,4.1,1.2
12,1351611079,R. Brown,Ryan Brown,Brown,Ryan,P,Queens University of Charlotte,QUC,754315264,Queens University of Charlotte,BBC,R,R,7,0,0,0,0,0,0,0,0,0,0,1.2,1.2
12,1747080880,G. Smith,Griffin Smith,Smith,Griffin,P,Washington State University,WSU,4505,Washington State,BBC,R,R,14,2,0,0,0,0,0,0,0,0,0,2.1,2.1
12,1342169499,N. Lewis,Nick Lewis,Lewis,Nick,P,Washington State University,WSU,4505,Washington State,BBC,L,L,14,0,0,0,0,0,0,0,0,0,0,2.0,2.0
12,1815927257,L. Corcoran,Luke Corcoran,Corcoran,Luke,P,Coppin State University,COPP,730194176,Coppin State,BBC,L,L,4,0,0,0,0,0,0,0,0,0,0,1.1,1.1
12,1351173671,M. Belcher,Michael Belcher,Belcher,Michael,P,Bryant University,BRY,730266880,Bryant,BBC,R,R,13,1,0,0,0,0,0,0,0,0,0,4.0,4.0
12,1404806932,E. Young,Ethan Young,Young,Ethan,P,East Carolina University,ECU,730270720,East Carolina,BBC,R,R,1,0,0,0,0,0,0,0,0,0,0,0.0,0.0
12,1568921580,B. Cassedy,Brandon Cassedy,Cassedy,Brandon,P,George Mason University,GMU,730265088,George Mason,BBC,R,R,15,0,0,0,1,0,0,0,0,0,0,6.2,2.2
12,1763497799,J. Pfeffer,John Pfeffer,Pfeffer,John,P,Gardner Webb University,WEBB,730222592,Gardner Webb,BBC,R,R,3,0,0,0,0,0,0,0,0,0,0,0.2,0.0
12,1062087691,W. Walton,Wade Walton,Walton,Wade,P,High Point University,HP,730321152,High Point,BBC,R,R,15,2,1,0,0,0,0,0,0,0,0,5.1,5.1
12,1790363222,D. Story,Dylan Story,Story,Dylan,P,High Point University,HP,730321152,High Point,BBC,R,R,15,0,0,0,0,0,0,0,0,0,0,3.2,2.1
12,1392733460,J. Sperry,Joe Sperry,Sperry,Joe,P,University of Minnesota,MINN,4864,Minnesota,BBC,R,R,5,0,0,0,0,0,0,0,0,0,0,2.2,0.2
12,1635844120,T. Schmitt,Tyler Schmitt,Schmitt,Tyler,P,University of Illinois,ILL,730163456,Illinois,BBC,R,R,15,0,0,0,0,0,0,0,0,0,0,2.1,2.1
12,1003021622,H. Hayashi,Heitaro Hayashi,Hayashi,Heitaro,P,Wagner College,WAG,730192640,Wagner,BBC,L,L,10,1,1,0,0,0,0,0,0,0,0,2.0,0.2
12,1473506994,G. Kirn,Griffin Kirn,Kirn,Griffin,P,West Virginia University,WVU,5327,West Virginia,BBC,L,L,17,1,0,0,0,0,0,0,0,0,0,4.0,3.0
12,1129687636,G. Garman,Grant Garman,Garman,Grant,P,Oakland University,OAK,5386,Oakland,BBC,L,L,15,0,0,0,0,0,0,0,0,0,0,3.0,1.2
12,1993201465,M. Banks,Max Banks,Banks,Max,P,University of Washington,WASH,3110,Washington,BBC,R,R,13,0,0,0,0,0,0,0,0,0,0,5.2,3.1
12,1342168577,J. Shadek,Justin Shadek,Shadek,Justin,P,Rutgers University,RUTG,730229248,Rutgers,BBC,R,R,15,0,0,0,0,0,0,0,0,0,0,3.2,1.0
12,1738764358,L. Mack,Landon Mack,Mack,Landon,P,Rutgers University,RUTG,730229248,Rutgers,BBC,S,R,15,0,0,0,0,0,0,0,0,0,0,2.1,2.1
12,1080063269,C. OBrien,Cole OBrien,OBrien,Cole,P,Lipscomb University,LIP,730307072,Lipscomb,BBC,R,R,12,0,0,0,0,0,0,0,0,0,0,3.1,2.0
12,1396741102,L. Grigg,Landon Grigg,Grigg,Landon,P,University of Louisiana at Monroe,ULM,730362880,UL Monroe,BBC,R,R,11,0,0,0,0,0,0,0,0,0,0,1.1,1.1
12,1428256371,D. Fischer,Dillon Fischer,Fischer,Dillon,P,Fort Wayne,PFW,730231552,Fort Wayne,BBC,R,R,15,1,0,0,0,0,0,0,0,0,0,3.2,2.1
12,1002892320,M. Hagler,Micah Hagler,Hagler,Micah,P,Seattle University,SEA,4504,Seattle,BBC,R,R,9,0,0,0,1,0,0,0,0,0,0,6.0,2.0
12,1018912519,K. Ishikawa,Kenny Ishikawa,Ishikawa,Kenny,TWP,Seattle University,SEA,4504,Seattle,BBC,L,L,9,0,0,0,0,0,0,0,0,0,0,3.0,3.0
12,1338119552,D. Thomas,Daniel Thomas,Thomas,Daniel,P,Mercyhurst College,MCYH,730196224,Mercyhurst,BBC,R,R,12,0,0,0,0,0,0,0,0,0,0,4.0,1.0
12,1984231284,A. Kelly,Aiden Kelly,Kelly,Aiden,P,Mercyhurst College,MCYH,730196224,Mercyhurst,BBC,R,R,14,0,0,0,0,0,0,0,0,0,0,2.0,1.0
12,1297538560,S. Lopez,Sergio Lopez,Lopez,Sergio,P,McNeese State University,MCNS,730285056,McNeese State,BBC,R,R,5,0,0,0,0,0,0,0,0,0,0,2.0,2.0
12,1006945294,A. Ciscar,AJ Ciscar,Ciscar,AJ,P,University of Miami,MIA,236,Miami,BBC,R,R,10,0,0,0,0,0,0,0,0,0,0,2.2,1.1
12,1386471821,T. McKinstry,Tyler McKinstry,McKinstry,Tyler,P,Western Michigan University,WMU,730165248,Western Michigan,BBC,R,R,14,2,0,0,0,0,0,0,0,0,0,4.1,1.1
12,1175789044,B. Romero,Braeden Romero,Romero,Braeden,P,Manhattan College,MAN,730363648,Manhattan,BBC,R,R,6,0,0,0,0,0,0,0,0,0,0,2.2,2.2
12,1064527734,B. Grasser,Brad Grasser,Grasser,Brad,P,Manhattan College,MAN,730363648,Manhattan,BBC,R,R,10,1,0,0,0,0,0,0,0,0,0,3.1,1.0
12,1371725069,M. Tripure,Max Tripure,Tripure,Max,P,Western Illinois University,WIU,730370560,Western Illinois,BBC,R,R,14,0,0,0,0,0,0,0,0,0,0,3.0,2.2
12,1120472520,J. Romero,Jorge Romero,Romero,Jorge,P,Western Illinois University,WIU,730370560,Western Illinois,BBC,R,R,6,0,0,0,0,0,0,0,0,0,0,4.0,3.1
12,1908498512,I. Koosman,Ian Koosman,Koosman,Ian,P,Creighton University,CREI,730243840,Creighton,BBC,R,R,10,0,0,0,0,0,0,0,0,0,0,4.0,1.0
12,1220061620,C. Hendry,Clay Hendry,Hendry,Clay,P,University of North Florida,UNF,730296832,North Florida,BBC,R,R,11,0,0,0,0,0,0,0,0,0,0,3.0,1.1
12,1227439427,J. Gottesman,Jordan Gottesman,Gottesman,Jordan,P,Northeastern University,NE,343,Northeastern,BBC,L,L,12,2,2,0,0,0,0,0,0,0,0,5.1,3.0
12,1334909196,N. Balcom,Nick Balcom,Balcom,Nick,P,Quinnipiac University,QUIN,730386688,Quinnipiac,BBC,R,R,11,0,0,0,0,0,0,0,0,0,0,3.2,1.0
12,1261138697,G. Sentell,Gavin Sentell,Sentell,Gavin,P,North Carolina A&T State University,NCAT,730372352,North Carolina A&T,BBC,L,R,12,0,0,0,0,0,0,0,0,0,0,4.2,2.1
12,1196196955,D. Morrill,Dylan Morrill,Morrill,Dylan,P,University of North Alabama,UNA,730266624,North Alabama,BBC,R,R,2,0,0,0,0,0,0,0,0,0,0,0.2,0.2
12,1713704850,T. Patterson,Tripp Patterson,Patterson,Tripp,P,University of North Alabama,UNA,730266624,North Alabama,BBC,L,L,15,2,0,0,0,0,0,0,0,0,0,5.0,2.1
12,1656400118,C. Crossland,Cade Crossland,Crossland,Cade,P,University of Oklahoma,OKLA,730294528,Oklahoma,BBC,R,L,13,0,0,0,0,0,0,0,0,0,0,2.1,1.1
12,1730428818,K. Fabian,Kenney Fabian,Fabian,Kenney,P,University of Arkansas-Pine Bluff,ARPB,5377,Arkansas-Pine Bluff,BBC,R,R,14,3,2,0,0,0,0,0,0,0,0,1.1,1.1
12,1483854437,B. Hamlin,Brendan Hamlin,Hamlin,Brendan,P,University of Arkansas-Pine Bluff,ARPB,5377,Arkansas-Pine Bluff,BBC,R,R,8,1,0,0,0,0,0,0,0,0,0,2.2,1.2
12,1653486670,N. Love,Nathan Love,Love,Nathan,P,Oral Roberts University,ORU,730180096,Oral Roberts,BBC,R,R,15,0,0,0,0,0,0,0,0,0,0,2.1,2.1
12,1827768225,L. Grant,Landyn Grant,Grant,Landyn,P,Prairie View A&M University,PV,4766,Prairie View A&M,BBC,R,L,12,1,0,0,0,0,0,0,0,0,0,2.0,1.2
12,1571813435,C. Templeton,Cody Templeton,Templeton,Cody,P,Stephen F. Austin State University,SFA,730227200,Stephen F. Austin State,BBC,R,L,13,3,1,0,0,0,0,0,0,0,0,2.1,2.1
12,1370357953,M. Yusypchuk,Michael Yusypchuk,Yusypchuk,Michael,P,Missouri State University,MOSU,5382,Missouri State,BBC,R,R,14,2,0,0,0,0,0,0,0,0,0,3.0,2.1
12,1462207411,A. Johnson,Andrew Johnson,Johnson,Andrew,P,University of Southern California,USC,5047,USC,BBC,S,R,6,0,0,0,0,0,0,0,0,0,0,1.1,1.1
12,1693525648,C. Hunter,Caden Hunter,Hunter,Caden,P,University of Southern California,USC,5047,USC,BBC,R,L,14,0,0,0,0,0,0,0,0,0,0,3.1,3.1
12,1643908365,A. Phillips,Amp Phillips,Phillips,Amp,P,University of South Carolina Upstate,SCUS,730317312,South Carolina Upstate,BBC,R,R,12,1,1,0,0,0,0,0,0,0,0,4.0,3.1
12,1275226481,J. Bauer,Jackson Bauer,Bauer,Jackson,P,Hofstra University,HOF,730245120,Hofstra,BBC,L,L,14,0,0,0,0,0,0,0,0,0,0,1.2,1.0
12,1342168337,D. Dean,David Dean,Dean,David,P,Texas A&M-Corpus Christi,AMCC,4764,Texas A&M-Corpus Christi,BBC,L,L,8,0,0,0,0,0,0,0,0,0,0,1.1,1.1
12,1263117312,C. Kirk,Corbin Kirk,Kirk,Corbin,P,Utah Valley University,UVU,730263552,Utah Valley,BBC,L,L,16,1,0,0,0,0,0,0,0,0,0,4.0,2.1
12,1357310320,J. Marciano,Jake Marciano,Marciano,Jake,P,Virginia Tech,VT,2293,Virginia Tech,BBC,L,L,14,0,0,0,0,0,0,0,0,0,0,4.0,2.1
12,1614212435,J. Wizceb,Joey Wizceb,Wizceb,Joey,P,Western Michigan University,WMU,730165248,Western Michigan,BBC,L,L,14,2,1,0,0,0,0,0,0,0,0,2.1,1.0
12,1058739885,L. Pearson,Lane Pearson,Pearson,Lane,P,University of West Georgia,UOWG,730308864,West Georgia,BBC,R,R,14,1,1,0,0,0,0,0,0,0,0,3.2,1.2
12,1907374041,J. Nichols,James Nichols,Nichols,James,P,Merrimack College,MRMK,730295552,Merrimack,BBC,R,R,9,0,0,0,0,0,0,0,0,0,0,2.0,1.2
12,1897229556,G. Thompson,Gavin Thompson,Thompson,Gavin,P,Bradley University,BRAD,730253312,Bradley,BBC,R,R,8,0,0,0,0,0,0,0,0,0,0,1.2,1.1
12,1483661805,J. Bazala,Jacob Bazala,Bazala,Jacob,P,Mercyhurst College,MCYH,730196224,Mercyhurst,BBC,R,R,10,0,0,0,0,0,0,0,0,0,0,3.0,2.0
12,1026778788,A. Gonzalez,Andres Gonzalez,Gonzalez,Andres,P,University of Southern Indiana,SIND,730288640,Southern Indiana,BBC,R,R,12,0,0,0,0,0,0,0,0,0,0,5.0,1.0
12,1488546413,L. Meyers,Luke Meyers,Meyers,Luke,P,Washington State University,WSU,4505,Washington State,BBC,R,R,9,0,0,0,0,0,0,0,0,0,0,3.0,1.1
12,1342166619,A. Castro,Alessandro Castro,Castro,Alessandro,P,University of Nevada,NEV,4784,Nevada,BBC,L,L,15,1,0,0,0,0,0,0,0,0,0,2.0,2.0
12,1342166856,G. Eddy,Gavin Eddy,Eddy,Gavin,P,University of California,CAL,730152448,California,BBC,R,R,9,0,0,0,0,0,0,0,0,0,0,5.0,1.1
12,1271444225,R. Hunsaker,Riely Hunsaker,Hunsaker,Riely,P,Lamar University,LAM,730162432,Lamar,BBC,R,R,14,0,0,0,0,0,0,0,0,0,0,3.0,2.2
12,1378876660,R. King,Ryan King,King,Ryan,P,CSU Bakersfield,CSB,730283008,CSU Bakersfield,BBC,R,R,13,0,0,0,0,0,0,0,0,0,0,4.2,2.1
12,1058441697,S. Jenkins,Sean Jenkins,Jenkins,Sean,P,East Carolina University,ECU,730270720,East Carolina,BBC,R,R,12,0,0,0,0,0,0,0,0,0,0,3.0,3.0
12,1278843253,T. Teixeira,Tim Teixeira,Teixeira,Tim,P,Southern Illinois Univ.-Edwardsville,SIUE,730298112,SIU Edwardsville,BBC,R,R,15,0,0,0,0,0,0,0,0,0,0,4.1,2.0
12,1929502555,A. King,Aidan King,King,Aidan,P,University of Florida,FLA,730168320,Florida,BBC,L,R,12,0,0,0,0,0,0,0,0,0,0,3.1,2.1
12,1115370173,H. Bell,Hunter Bell,Bell,Hunter,P,Stonehill College,SC,730238464,Stonehill,BBC,L,L,12,0,0,0,0,0,0,0,0,0,0,2.0,2.0
12,1449071722,C. Walls,Cooper Walls,Walls,Cooper,P,"University of Hawaii, Manoa",HAW,730158848,Hawaii,BBC,R,R,13,0,0,0,0,0,0,0,0,0,0,4.1,1.2
12,1468279426,B. Smith,Ben Smith,Smith,Ben,P,Houston Christian University,HCU,730157824,Houston Christian,BBC,R,R,13,0,0,0,0,0,0,0,0,0,0,4.1,2.0
12,1918576916,H. Bailey,Hayden Bailey,Bailey,Hayden,P,Central Michigan University,CMU,5342,Central Michigan,BBC,R,R,10,0,0,0,0,0,0,0,0,0,0,2.0,1.1
12,1342169627,R. Piech,Ryan Piech,Piech,Ryan,P,Xavier University,XAV,5464,Xavier,BBC,R,R,14,0,0,0,0,0,0,0,0,0,0,2.0,1.2
12,1069409302,Z. Danielson,Zane Danielson,Danielson,Zane,P,Fort Wayne,PFW,730231552,Fort Wayne,BBC,L,L,10,0,0,0,0,0,0,0,0,0,0,1.2,1.2
12,1231134895,B. Roberson,Brooks Roberson,Roberson,Brooks,P,Louisiana Tech University,LT,3374,Louisiana Tech,BBC,R,R,11,0,0,0,0,0,0,0,0,0,0,2.2,2.1
12,1597386236,L. Cooley,Luke Cooley,Cooley,Luke,P,Louisiana Tech University,LT,3374,Louisiana Tech,BBC,L,L,13,0,0,0,1,1,1,0,0,0,0,8.0,1.1
12,1492829743,C. Golden,Cooper Golden,Golden,Cooper,P,McNeese State University,MCNS,730285056,McNeese State,BBC,L,L,14,0,0,0,0,0,0,0,0,0,0,5.0,5.0
12,1574122232,A. Ehmke,Aric Ehmke,Ehmke,Aric,P,University of Wisconsin-Milwaukee,MILW,5036,Milwaukee,BBC,R,R,11,0,0,0,0,0,0,0,0,0,0,2.1,1.0
12,1004454230,M. Delvecchio,Matthew Delvecchio,Delvecchio,Matthew,P,Niagara University,NIAG,730156544,Niagara,BBC,R,R,15,0,0,0,0,0,0,0,0,0,0,4.0,4.0
12,1002961029,R. Ritter,Riane Ritter,Ritter,Riane,P,University of St. Thomas (Minn.),UOST,730200320,University of St. Thomas (Minn.),BBC,R,R,7,0,0,0,0,0,0,0,0,0,0,5.2,2.0
12,1428410894,S. Dudley,Seth Dudley,Dudley,Seth,P,University of West Georgia,UOWG,730308864,West Georgia,BBC,R,R,14,0,0,0,0,0,0,0,0,0,0,3.1,3.1
12,1188623261,E. DeRossi,Eli DeRossi,DeRossi,Eli,P,Mount St. Mary's University,MSM,730291712,Mount St. Mary's,BBC,R,R,8,0,0,0,0,0,0,0,0,0,0,2.2,1.0
12,1342170423,N. Varnier,Nathaniel Varnier,Varnier,Nathaniel,P,Norfolk State University,NORF,3904,Norfolk State,BBC,L,L,12,0,0,0,0,0,0,0,0,0,0,3.1,1.1
12,1694755002,S. Sarre,Serigne Sarre,Sarre,Serigne,P,Mount St. Mary's University,MSM,730291712,Mount St. Mary's,BBC,L,L,10,0,0,0,0,0,0,0,0,0,0,3.0,3.0
12,1204808114,R. Lynch,Ryan Lynch,Lynch,Ryan,P,University of North Carolina,UNC,730181888,North Carolina,BBC,R,R,3,0,0,0,0,0,0,0,0,0,0,3.0,1.2
12,1611658868,M. Rabayda,Mike Rabayda,Rabayda,Mike,P,Fordham University,FOR,730324992,Fordham,BBC,R,R,15,1,0,0,0,0,0,0,0,0,0,3.1,3.1
12,1911067757,J. Savinon,Jordan Savinon,Savinon,Jordan,P,Fairleigh Dickinson University,FDU,730355200,Fairleigh Dickinson,BBC,L,L,10,0,0,0,0,0,0,0,0,0,0,3.2,2.2
12,1536897735,B. Treichel,Bryson Treichel,Treichel,Bryson,P,University of North Florida,UNF,730296832,North Florida,BBC,R,R,14,1,1,0,0,0,0,0,0,0,0,5.2,4.1
12,1436932267,C. White,Carter White,White,Carter,P,Northwestern State University,NWST,730255872,Northwestern State,BBC,L,L,5,0,0,0,0,0,0,0,0,0,0,3.2,2.0
12,1537972184,E. Teel,Easton Teel,Teel,Easton,P,Oral Roberts University,ORU,730180096,Oral Roberts,BBC,R,R,10,0,0,0,0,0,0,0,0,0,0,2.2,2.2
12,1128102459,D. Whitney,Dax Whitney,Whitney,Dax,P,Oregon State University,ORST,3111,Oregon State,BBC,R,R,17,0,0,0,0,0,0,0,0,0,0,5.0,3.2
12,1038792681,M. Brassfield,Mason Brassfield,Brassfield,Mason,P,Texas Christian University,TCU,5045,TCU,BBC,L,L,7,0,0,0,0,0,0,0,0,0,0,2.1,1.0
12,1220043596,B. Panneton,Brian Panneton,Panneton,Brian,P,Tarleton State University,TAR,730236416,Tarleton State,BBC,R,R,14,0,0,0,0,0,0,0,0,0,0,2.0,1.0
12,1279505152,A. Petraitis,AJ Petraitis,Petraitis,AJ,P,Le Moyne College,LMC,730202880,Le Moyne,BBC,R,R,12,1,0,0,0,0,0,0,0,0,0,5.1,3.1
12,1016358398,B. Bouchard,Brady Bouchard,Bouchard,Brady,P,Binghamton University,BING,730155776,Binghamton,BBC,R,R,7,0,0,0,0,0,0,0,0,0,0,2.0,1.0
12,1663471732,A. Valentin,Alex Valentin,Valentin,Alex,P,Texas State University,TXST,5420,Texas State,BBC,L,L,11,0,0,0,0,0,0,0,0,0,0,4.1,4.1
12,1383375719,B. Shea,Bryson Shea,Shea,Bryson,P,Texas A&M-Corpus Christi,AMCC,4764,Texas A&M-Corpus Christi,BBC,R,R,9,0,0,0,0,0,0,0,0,0,0,2.0,1.1
12,1623538787,C. Burke,Clayton Burke,Burke,Clayton,P,Miami University (Ohio),M-OH,730379264,Miami (OH),BBC,R,R,12,1,0,0,0,0,0,0,0,0,0,3.2,2.2
12,1619696044,D. DeProspero,Dutch DeProspero,DeProspero,Dutch,P,Towson University,TOWS,730318336,Towson,BBC,R,R,14,0,0,0,0,0,0,0,0,0,0,4.0,3.1
12,1337608237,M. OBrien,Matthew OBrien,OBrien,Matthew,P,UC Riverside,UCRV,730281728,UC Riverside,BBC,L,L,12,0,0,0,0,0,0,0,0,0,0,5.0,1.0
12,1505725733,R. Gaber,Reese Gaber,Gaber,Reese,P,Western Michigan University,WMU,730165248,Western Michigan,BBC,L,L,11,0,0,0,1,0,0,0,0,0,0,6.0,0.2
12,1568741560,S. Cole,Sam Cole,Cole,Sam,P,University of West Georgia,UOWG,730308864,West Georgia,BBC,R,R,12,2,0,0,0,0,0,0,0,0,0,1.2,1.2
12,1493066280,A. Quezada,Adrian Quezada,Quezada,Adrian,P,Queens University of Charlotte,QUC,754315264,Queens University of Charlotte,BBC,R,R,5,0,0,0,0,0,0,0,0,0,0,1.2,1.2
12,1521776654,G. Kuzniewski,Gavin Kuzniewski,Kuzniewski,Gavin,P,The Ohio State University,OSU,4144,Ohio State,BBC,R,R,7,0,0,0,0,0,0,0,0,0,0,3.1,2.0
12,1558238257,S. Bailey,Smith Bailey,Bailey,Smith,P,University of Arizona,ARIZ,232,Arizona,BBC,R,R,18,0,0,0,0,0,0,0,0,0,0,2.2,2.2
12,1201847438,K. Hawks,Kamden Hawks,Hawks,Kamden,P,Morehead State University,MORE,730158080,Morehead State,BBC,L,L,10,0,0,0,0,0,0,0,0,0,0,5.0,2.1
12,1230206464,J. Rizzo,John Rizzo,Rizzo,John,P,Stony Brook University,STON,730249984,Stony Brook,BBC,R,R,11,1,1,0,0,0,0,0,0,0,0,2.1,1.0
12,1802268698,E. Sanchez,Edwin Sanchez,Sanchez,Edwin,P,Bethune-Cookman University,COOK,730152960,Bethune-Cookman,BBC,L,L,17,1,0,0,0,0,0,0,0,0,0,3.2,3.2
12,1861492309,A. Risse,Aidan Risse,Risse,Aidan,P,University of San Francisco,SF,730365696,San Francisco,BBC,R,R,13,0,0,0,0,0,0,0,0,0,0,2.2,2.2
12,1250615738,J. Leary,Jack Leary,Leary,Jack,P,CSU Bakersfield,CSB,730283008,CSU Bakersfield,BBC,R,R,8,1,0,0,0,0,0,0,0,0,0,3.2,3.1
12,1837146158,J. Litman,James Litman,Litman,James,P,Florida Atlantic University,FAU,339,Florida Atlantic,BBC,R,R,15,0,0,0,0,0,0,0,0,0,0,3.2,2.0
12,1230322309,D. Wright,Davis Wright,Wright,Davis,P,Western Carolina University,WCU,730278144,Western Carolina,BBC,L,L,15,0,0,0,0,0,0,0,0,0,0,2.2,1.2
12,1082443399,C. Moak,Clint Moak,Moak,Clint,P,Marshall University,MRSH,730333696,Marshall,BBC,R,R,10,1,1,0,0,0,0,0,0,0,0,2.1,1.2
12,1798423777,A. Espinoza,Alejandro Espinoza,Espinoza,Alejandro,P,Central Michigan University,CMU,5342,Central Michigan,BBC,R,R,12,0,0,0,0,0,0,0,0,0,0,5.1,5.1
12,1160848648,M. Kouser,Matthew Kouser,Kouser,Matthew,P,Northwestern University,NW,730247680,Northwestern,BBC,R,R,14,0,0,0,0,0,0,0,0,0,0,3.0,3.0
12,1665927471,W. Magers,Wilson Magers,Magers,Wilson,P,Creighton University,CREI,730243840,Creighton,BBC,R,R,14,0,0,0,0,0,0,0,0,0,0,4.1,1.1
12,1709079320,E. Kleinschmit,Ethan Kleinschmit,Kleinschmit,Ethan,P,Oregon State University,ORST,3111,Oregon State,BBC,L,L,17,0,0,0,1,0,0,0,0,0,0,6.0,3.0
12,1822252575,R. Parker,Ryan Parker,Parker,Ryan,P,Sacred Heart University,SHU,730194944,Sacred Heart,BBC,R,R,14,0,0,0,0,0,0,0,0,0,0,3.2,2.1
12,1199734331,J. Nedrow,Jack Nedrow,Nedrow,Jack,P,University of South Florida,USF,2292,South Florida,BBC,R,R,8,0,0,0,0,0,0,0,0,0,0,3.0,2.2
12,1515769016,E. Smith,Ethan Smith,Smith,Ethan,P,Lindenwood University,LU,730322176,Lindenwood,BBC,L,L,14,1,1,0,0,0,0,0,0,0,0,3.1,3.0
12,1421915542,C. Torres,Chris Torres,Torres,Chris,P,University of South Carolina Upstate,SCUS,730317312,South Carolina Upstate,BBC,L,L,16,0,0,0,0,0,0,0,0,0,0,3.0,3.0
12,1149743416,M. Goodpaster,Marcus Goodpaster,Goodpaster,Marcus,P,Butler University,BUT,730283520,Butler,BBC,R,R,13,0,0,0,0,0,0,0,0,0,0,1.2,1.2
12,1580729364,T. Valincius,Tomas Valincius,Valincius,Tomas,P,University of Virginia,UVA,5415,Virginia,BBC,L,L,12,0,0,0,0,0,0,0,0,0,0,4.1,4.1
12,1052931303,C. Trizuto,Colin Trizuto,Trizuto,Colin,P,Wagner College,WAG,730192640,Wagner,BBC,R,R,15,0,0,0,0,0,0,0,0,0,0,2.1,2.1
12,1507662845,T. Brooks,Ty Brooks,Brooks,Ty,P,Indiana State University,INST,730350080,Indiana State,BBC,R,R,11,0,0,0,0,0,0,0,0,0,0,3.1,0.2
12,1945290525,J. Hibbard,Jack Hibbard,Hibbard,Jack,P,Arkansas State University,ARST,730290176,Arkansas State,BBC,R,R,12,2,1,0,0,0,0,0,0,0,0,5.2,1.1
12,1075848055,L. Sheffield,Lincoln Sheffield,Sheffield,Lincoln,P,Kansas State University,KSU,730270464,Kansas State,BBC,L,L,15,1,0,0,0,0,0,0,0,0,0,5.2,5.2
12,1643596490,N. Mertens,Nathan Mertens,Mertens,Nathan,P,Southeast Missouri State University,SEMO,730168576,Southeast Missouri State,BBC,R,R,13,0,0,0,0,0,0,0,0,0,0,5.1,5.1
12,1580046011,E. Lay,Ethan Lay,Lay,Ethan,P,Sacramento State University,SAC,730293760,Sacramento State,BBC,L,R,13,0,0,0,0,0,0,0,0,0,0,3.1,2.0
12,1463788430,N. Stein,Nathan Stein,Stein,Nathan,P,Saint Joseph's University,JOES,730332416,Saint Joseph's,BBC,L,L,13,1,0,0,0,0,0,0,0,0,0,2.2,2.2
12,1505049816,J. Sitton,Jacob Sitton,Sitton,Jacob,P,University of Tennessee at Martin,UTM,730238976,UT Martin,BBC,R,R,15,0,0,0,0,0,0,0,0,0,0,5.0,2.1
12,1052929589,G. Workman,Garrett Workman,Workman,Garrett,P,Florida A&M University,FAMU,5416,Florida A&M,BBC,L,L,15,1,0,0,1,0,0,0,1,0,0,6.0,6.0
12,1911168487,W. Paxton,Will Paxton,Paxton,Will,P,Saint Peter's University,SPC,730149888,Saint Peter's,BBC,R,R,10,0,0,0,0,0,0,0,0,0,0,4.1,1.0
12,1349689556,R. Mealy,Ryan Mealy,Mealy,Ryan,P,Monmouth University,MONM,4164,Monmouth,BBC,R,R,9,1,1,0,0,0,0,0,0,0,0,3.0,3.0
12,1056444835,M. Smith,Mason Smith,Smith,Mason,P,Campbell University,CAMP,730187776,Campbell,BBC,R,R,12,1,1,0,1,0,0,0,0,0,0,6.0,1.1
12,1233795610,R. Cole,Ryan Cole,Cole,Ryan,P,Charleston Southern University,CHSO,730194432,Charleston Southern,BBC,R,R,11,0,0,0,0,0,0,0,0,0,0,2.0,2.0
12,1804936858,M. Blasche,Mason Blasche,Blasche,Mason,P,Samford University,SAM,730386432,Samford,BBC,R,R,11,0,0,0,0,0,0,0,0,0,0,1.2,1.2
12,1065548722,A. Laine,Avery Laine,Laine,Avery,P,Loyola Marymount University,LMU,730149120,Loyola Marymount,BBC,L,R,13,0,0,0,0,0,0,0,0,0,0,4.0,1.0
12,1005138026,K. Davis,Kanious Davis,Davis,Kanious,P,Alcorn State University,ALCN,5376,Alcorn State,BBC,R,R,10,1,0,0,0,0,0,0,0,0,0,1.0,1.0
12,1128813223,L. Darnell,Logan Darnell,Darnell,Logan,P,Mississippi Valley State University,MVSU,730259200,Mississippi Valley State,BBC,R,R,7,0,0,0,0,0,0,0,0,0,0,1.1,1.1
12,1401671129,J. Tovar,Jesus Tovar,Tovar,Jesus,P,Texas State University,TXST,5420,Texas State,BBC,L,L,14,1,1,0,0,0,0,0,0,0,0,3.1,1.2
12,1490865642,K. Dove,Kamar Dove,Dove,Kamar,P,Prairie View A&M University,PV,4766,Prairie View A&M,BBC,R,R,10,1,0,0,0,0,0,0,0,0,0,3.1,3.1
12,1713770973,B. Stone,Brandon Stone,Stone,Brandon,P,University of South Carolina,SCAR,730348544,South Carolina,BBC,R,R,8,1,0,0,0,0,0,0,0,0,0,2.1,2.1
12,1760692530,A. Kribbs,Andrew Kribbs,Kribbs,Andrew,P,UNC Charlotte,CHAR,730214400,Charlotte,BBC,R,R,15,0,0,0,0,0,0,0,0,0,0,2.2,1.2
12,1778873426,C. Duerr,Caleb Duerr,Duerr,Caleb,P,South Dakota State University,SDST,730323200,South Dakota State,BBC,R,R,12,0,0,0,0,0,0,0,0,0,0,5.0,1.2
12,1328495337,L. Trout,Luke Trout,Trout,Luke,P,Brown University,BRWN,730236160,Brown,BBC,R,R,10,0,0,0,0,0,0,0,0,0,0,4.0,2.0
12,1260237537,J. Ohman,Jack Ohman,Ohman,Jack,P,Yale University,YALE,730334464,Yale,BBC,L,R,11,1,1,0,0,0,0,0,0,0,0,5.0,4.2
12,1432381131,B. Lobell,Blake Lobell,Lobell,Blake,P,Southeastern Louisiana University,SELA,730209280,Southeastern Louisiana,BBC,R,R,13,1,0,0,0,0,0,0,0,0,0,2.0,1.2
12,1769907041,B. Loeger,Bryce Loeger,Loeger,Bryce,P,Dartmouth College,DART,730216192,Dartmouth,BBC,R,R,9,0,0,0,0,0,0,0,0,0,0,2.0,1.2
12,1408559031,L. Kinneen,Liam Kinneen,Kinneen,Liam,P,Princeton University,PRIN,730198784,Princeton,BBC,R,R,11,0,0,0,0,0,0,0,0,0,0,2.1,2.1
12,1692745387,N. Harris,Nate Harris,Harris,Nate,P,University of Kentucky,UK,5362,Kentucky,BBC,R,R,13,0,0,0,0,0,0,0,0,0,0,2.0,1.2
12,1489292894,V. Borghese,Vincent Borghese,Borghese,Vincent,P,Central Connecticut State University,CCSU,730306816,Central Connecticut State,BBC,R,R,15,6,0,0,0,0,0,0,0,0,0,2.2,2.1
12,1131526490,F. Romano,Frederick Romano,Romano,Frederick,P,Western Illinois University,WIU,730370560,Western Illinois,BBC,R,R,12,0,0,0,0,0,0,0,0,0,0,2.2,2.2
12,1308181507,B. Miller,Brady Miller,Miller,Brady,P,Boston College,BC,227,Boston College,BBC,R,L,12,0,0,0,0,0,0,0,0,0,0,3.0,3.0
